title,url,author_id,last_created_by,last_created_at,last_modified_by,last_modified_at
'anthonydoerr.com','http://anthonydoerr.com',3,'a2bec9ef-28a6-41cb-937b-adaf51dd5ca7','2025-02-24 23:14:57','a2bec9ef-28a6-41cb-937b-adaf51dd5ca7','2025-02-24 23:14:57'
'Official Author's Website','http://www.brandonsanderson.com/',5,'a2bec9ef-28a6-41cb-937b-adaf51dd5ca7','2025-02-24 23:14:57','a2bec9ef-28a6-41cb-937b-adaf51dd5ca7','2025-02-24 23:14:57'
'Amazon Author Page','http://www.amazon.com/Brandon-Sanderson/e/B001IGFHW6',5,'a2bec9ef-28a6-41cb-937b-adaf51dd5ca7','2025-02-24 23:14:57','a2bec9ef-28a6-41cb-937b-adaf51dd5ca7','2025-02-24 23:14:57'
'Goodreads Author Page','http://www.goodreads.com/author/show/38550.Brandon_Sanderson',5,'a2bec9ef-28a6-41cb-937b-adaf51dd5ca7','2025-02-24 23:14:57','a2bec9ef-28a6-41cb-937b-adaf51dd5ca7','2025-02-24 23:14:57'
'Jane Austen's Fiction Manuscripts','http://www.janeausten.ac.uk/manuscripts/index.html',6,'a2bec9ef-28a6-41cb-937b-adaf51dd5ca7','2025-02-24 23:14:57','a2bec9ef-28a6-41cb-937b-adaf51dd5ca7','2025-02-24 23:14:57'
'Wikipedia','http://en.wikipedia.org/wiki/Shirley_Jackson',8,'a2bec9ef-28a6-41cb-937b-adaf51dd5ca7','2025-02-24 23:14:57','a2bec9ef-28a6-41cb-937b-adaf51dd5ca7','2025-02-24 23:14:57'
'Wikipedia','https://en.wikipedia.org/wiki/Robert_Kiyosaki',9,'a2bec9ef-28a6-41cb-937b-adaf51dd5ca7','2025-02-24 23:14:57','a2bec9ef-28a6-41cb-937b-adaf51dd5ca7','2025-02-24 23:14:57'
'French Wikipédia Page','http://fr.wikipedia.org/wiki/Isaac_Asimov',12,'a2bec9ef-28a6-41cb-937b-adaf51dd5ca7','2025-02-24 23:14:57','a2bec9ef-28a6-41cb-937b-adaf51dd5ca7','2025-02-24 23:14:57'
'Wikipedia entry','http://en.wikipedia.org/wiki/Neal_Stephenson',13,'a2bec9ef-28a6-41cb-937b-adaf51dd5ca7','2025-02-24 23:14:57','a2bec9ef-28a6-41cb-937b-adaf51dd5ca7','2025-02-24 23:14:57'
'nealstephenson.com','https://www.nealstephenson.com/',13,'a2bec9ef-28a6-41cb-937b-adaf51dd5ca7','2025-02-24 23:14:57','a2bec9ef-28a6-41cb-937b-adaf51dd5ca7','2025-02-24 23:14:57'
'DouglasAdams.com','http://www.douglasadams.com/',19,'a2bec9ef-28a6-41cb-937b-adaf51dd5ca7','2025-02-24 23:14:57','a2bec9ef-28a6-41cb-937b-adaf51dd5ca7','2025-02-24 23:14:57'
'Agatha Christie 120','http://www.agathachristie.com/about-christie/the-queen-of-crime/120-year-anniversary/',20,'a2bec9ef-28a6-41cb-937b-adaf51dd5ca7','2025-02-24 23:14:57','a2bec9ef-28a6-41cb-937b-adaf51dd5ca7','2025-02-24 23:14:57'
'Website','http://www.agathachristie.com/',20,'a2bec9ef-28a6-41cb-937b-adaf51dd5ca7','2025-02-24 23:14:57','a2bec9ef-28a6-41cb-937b-adaf51dd5ca7','2025-02-24 23:14:57'
'Neil Gaiman','http://www.neilgaiman.com',28,'a2bec9ef-28a6-41cb-937b-adaf51dd5ca7','2025-02-24 23:14:57','a2bec9ef-28a6-41cb-937b-adaf51dd5ca7','2025-02-24 23:14:57'
'Wikipedia entry','http://en.wikipedia.org/wiki/C._S._Lewis',33,'a2bec9ef-28a6-41cb-937b-adaf51dd5ca7','2025-02-24 23:14:57','a2bec9ef-28a6-41cb-937b-adaf51dd5ca7','2025-02-24 23:14:57'
'Norman's home page','http://www.jnd.org/',35,'a2bec9ef-28a6-41cb-937b-adaf51dd5ca7','2025-02-24 23:14:57','a2bec9ef-28a6-41cb-937b-adaf51dd5ca7','2025-02-24 23:14:57'
'Wikipedia entry','http://en.wikipedia.org/wiki/Donald_Norman',35,'a2bec9ef-28a6-41cb-937b-adaf51dd5ca7','2025-02-24 23:14:57','a2bec9ef-28a6-41cb-937b-adaf51dd5ca7','2025-02-24 23:14:57'
'Official Web Site','http://angiethomas.com',38,'a2bec9ef-28a6-41cb-937b-adaf51dd5ca7','2025-02-24 23:14:57','a2bec9ef-28a6-41cb-937b-adaf51dd5ca7','2025-02-24 23:14:57'
'The Lewis Carroll Society','http://lewiscarrollsociety.org.uk/',39,'a2bec9ef-28a6-41cb-937b-adaf51dd5ca7','2025-02-24 23:14:57','a2bec9ef-28a6-41cb-937b-adaf51dd5ca7','2025-02-24 23:14:57'
'Carroll's Diaries','http://lewiscarrollsociety.org.uk/pages/lewiscarroll/diary.html',39,'a2bec9ef-28a6-41cb-937b-adaf51dd5ca7','2025-02-24 23:14:57','a2bec9ef-28a6-41cb-937b-adaf51dd5ca7','2025-02-24 23:14:57'
'VIAF','https://viaf.org/viaf/20959831/',41,'a2bec9ef-28a6-41cb-937b-adaf51dd5ca7','2025-02-24 23:14:57','a2bec9ef-28a6-41cb-937b-adaf51dd5ca7','2025-02-24 23:14:57'
'Wikidata','https://www.wikidata.org/entity/Q298685',41,'a2bec9ef-28a6-41cb-937b-adaf51dd5ca7','2025-02-24 23:14:57','a2bec9ef-28a6-41cb-937b-adaf51dd5ca7','2025-02-24 23:14:57'
'ISNI','http://www.isni.org/isni/0000000121193188',41,'a2bec9ef-28a6-41cb-937b-adaf51dd5ca7','2025-02-24 23:14:57','a2bec9ef-28a6-41cb-937b-adaf51dd5ca7','2025-02-24 23:14:57'
'Facebook','http://www.facebook.com/Dr.Seuss',41,'a2bec9ef-28a6-41cb-937b-adaf51dd5ca7','2025-02-24 23:14:57','a2bec9ef-28a6-41cb-937b-adaf51dd5ca7','2025-02-24 23:14:57'
'Wikipedia','https://en.wikipedia.org/wiki/Dr._Seuss',41,'a2bec9ef-28a6-41cb-937b-adaf51dd5ca7','2025-02-24 23:14:57','a2bec9ef-28a6-41cb-937b-adaf51dd5ca7','2025-02-24 23:14:57'
'Instagram','https://instagram.com/drseuss',41,'a2bec9ef-28a6-41cb-937b-adaf51dd5ca7','2025-02-24 23:14:57','a2bec9ef-28a6-41cb-937b-adaf51dd5ca7','2025-02-24 23:14:57'
'Twitter','https://twitter.com/drseuss',41,'a2bec9ef-28a6-41cb-937b-adaf51dd5ca7','2025-02-24 23:14:57','a2bec9ef-28a6-41cb-937b-adaf51dd5ca7','2025-02-24 23:14:57'
'IMDb','http://www.imdb.com/name/nm0317450',41,'a2bec9ef-28a6-41cb-937b-adaf51dd5ca7','2025-02-24 23:14:57','a2bec9ef-28a6-41cb-937b-adaf51dd5ca7','2025-02-24 23:14:57'
'YouTube','http://youtube.com/c/drseuss',41,'a2bec9ef-28a6-41cb-937b-adaf51dd5ca7','2025-02-24 23:14:57','a2bec9ef-28a6-41cb-937b-adaf51dd5ca7','2025-02-24 23:14:57'
'Website','http://www.seussville.com',41,'a2bec9ef-28a6-41cb-937b-adaf51dd5ca7','2025-02-24 23:14:57','a2bec9ef-28a6-41cb-937b-adaf51dd5ca7','2025-02-24 23:14:57'
'Website','http://www.seussville.com/',41,'a2bec9ef-28a6-41cb-937b-adaf51dd5ca7','2025-02-24 23:14:57','a2bec9ef-28a6-41cb-937b-adaf51dd5ca7','2025-02-24 23:14:57'
'Rick Riordan's Website','http://www.rickriordan.com/',49,'a2bec9ef-28a6-41cb-937b-adaf51dd5ca7','2025-02-24 23:14:57','a2bec9ef-28a6-41cb-937b-adaf51dd5ca7','2025-02-24 23:14:57'
'Wikipedia entry','http://en.wikipedia.org/wiki/Alice_Walker',51,'a2bec9ef-28a6-41cb-937b-adaf51dd5ca7','2025-02-24 23:14:57','a2bec9ef-28a6-41cb-937b-adaf51dd5ca7','2025-02-24 23:14:57'
'Alice Walker's Garden','http://www.alicewalkersgarden.com/alice_walker_welcom.html',51,'a2bec9ef-28a6-41cb-937b-adaf51dd5ca7','2025-02-24 23:14:57','a2bec9ef-28a6-41cb-937b-adaf51dd5ca7','2025-02-24 23:14:57'
'Wikipedia','https://en.wikipedia.org/wiki/John_Steinbeck',52,'a2bec9ef-28a6-41cb-937b-adaf51dd5ca7','2025-02-24 23:14:57','a2bec9ef-28a6-41cb-937b-adaf51dd5ca7','2025-02-24 23:14:57'
'BookBrainz','https://bookbrainz.org/author/5783420f-2fd9-48f1-bc42-390b68f77fd1',52,'a2bec9ef-28a6-41cb-937b-adaf51dd5ca7','2025-02-24 23:14:57','a2bec9ef-28a6-41cb-937b-adaf51dd5ca7','2025-02-24 23:14:57'
'inventaire.io','https://inventaire.io/entity/wd:Q39212',52,'a2bec9ef-28a6-41cb-937b-adaf51dd5ca7','2025-02-24 23:14:57','a2bec9ef-28a6-41cb-937b-adaf51dd5ca7','2025-02-24 23:14:57'
'The Arthur C. Clarke Foundation','http://www.clarkefoundation.org/',53,'a2bec9ef-28a6-41cb-937b-adaf51dd5ca7','2025-02-24 23:14:57','a2bec9ef-28a6-41cb-937b-adaf51dd5ca7','2025-02-24 23:14:57'
'Arthur C. Clarke .net','http://www.arthurcclarke.net/',53,'a2bec9ef-28a6-41cb-937b-adaf51dd5ca7','2025-02-24 23:14:57','a2bec9ef-28a6-41cb-937b-adaf51dd5ca7','2025-02-24 23:14:57'
'Wikipedia entry','https://secure.wikimedia.org/wikipedia/en/wiki/Diana_Wynne_Jones',56,'a2bec9ef-28a6-41cb-937b-adaf51dd5ca7','2025-02-24 23:14:57','a2bec9ef-28a6-41cb-937b-adaf51dd5ca7','2025-02-24 23:14:57'
'Official Site','http://www.jkrowling.com/',62,'a2bec9ef-28a6-41cb-937b-adaf51dd5ca7','2025-02-24 23:14:57','a2bec9ef-28a6-41cb-937b-adaf51dd5ca7','2025-02-24 23:14:57'
'en.wikipedia.org','https://en.wikipedia.org/wiki/Osamu_Dazai',75,'a2bec9ef-28a6-41cb-937b-adaf51dd5ca7','2025-02-24 23:14:57','a2bec9ef-28a6-41cb-937b-adaf51dd5ca7','2025-02-24 23:14:57'
'nl.wikipedia.org','https://nl.wikipedia.org/wiki/Osamu_Dazai',75,'a2bec9ef-28a6-41cb-937b-adaf51dd5ca7','2025-02-24 23:14:57','a2bec9ef-28a6-41cb-937b-adaf51dd5ca7','2025-02-24 23:14:57'
'Wikipedia entry','http://en.wikipedia.org/wiki/Maurice_Sendak',76,'a2bec9ef-28a6-41cb-937b-adaf51dd5ca7','2025-02-24 23:14:57','a2bec9ef-28a6-41cb-937b-adaf51dd5ca7','2025-02-24 23:14:57'
'Sendak Archive','http://www.lib.usm.edu/~degrum/html/research/findaids/DG0878f.html',76,'a2bec9ef-28a6-41cb-937b-adaf51dd5ca7','2025-02-24 23:14:57','a2bec9ef-28a6-41cb-937b-adaf51dd5ca7','2025-02-24 23:14:57'
'stieglarsson.com','http://www.stieglarsson.com/',79,'a2bec9ef-28a6-41cb-937b-adaf51dd5ca7','2025-02-24 23:14:57','a2bec9ef-28a6-41cb-937b-adaf51dd5ca7','2025-02-24 23:14:57'
'Official Site','http://www.ken-follett.com/',85,'a2bec9ef-28a6-41cb-937b-adaf51dd5ca7','2025-02-24 23:14:57','a2bec9ef-28a6-41cb-937b-adaf51dd5ca7','2025-02-24 23:14:57'
'Galactanet','http://www.galactanet.com/',86,'a2bec9ef-28a6-41cb-937b-adaf51dd5ca7','2025-02-24 23:14:57','a2bec9ef-28a6-41cb-937b-adaf51dd5ca7','2025-02-24 23:14:57'
'Andy Weir','http://www.andyweirauthor.com/',86,'a2bec9ef-28a6-41cb-937b-adaf51dd5ca7','2025-02-24 23:14:57','a2bec9ef-28a6-41cb-937b-adaf51dd5ca7','2025-02-24 23:14:57'
'Website','https://andyweirauthor.com/',86,'a2bec9ef-28a6-41cb-937b-adaf51dd5ca7','2025-02-24 23:14:57','a2bec9ef-28a6-41cb-937b-adaf51dd5ca7','2025-02-24 23:14:57'
'Facebook','https://www.facebook.com/pages/Andy-Weir/462962073803090',86,'a2bec9ef-28a6-41cb-937b-adaf51dd5ca7','2025-02-24 23:14:57','a2bec9ef-28a6-41cb-937b-adaf51dd5ca7','2025-02-24 23:14:57'
'Twitter','https://x.com/andyweirauthor',86,'a2bec9ef-28a6-41cb-937b-adaf51dd5ca7','2025-02-24 23:14:57','a2bec9ef-28a6-41cb-937b-adaf51dd5ca7','2025-02-24 23:14:57'
'The Tolkien Society','http://www.tolkiensociety.org/index.html',92,'a2bec9ef-28a6-41cb-937b-adaf51dd5ca7','2025-02-24 23:14:57','a2bec9ef-28a6-41cb-937b-adaf51dd5ca7','2025-02-24 23:14:57'
'The Official Website of the JRR Tolkien Estate','http://www.tolkienestate.com/',92,'a2bec9ef-28a6-41cb-937b-adaf51dd5ca7','2025-02-24 23:14:57','a2bec9ef-28a6-41cb-937b-adaf51dd5ca7','2025-02-24 23:14:57'
'TheOneRing.com','http://www.theonering.com/',92,'a2bec9ef-28a6-41cb-937b-adaf51dd5ca7','2025-02-24 23:14:57','a2bec9ef-28a6-41cb-937b-adaf51dd5ca7','2025-02-24 23:14:57'
'Planet Tolkien','http://www.planet-tolkien.com/',92,'a2bec9ef-28a6-41cb-937b-adaf51dd5ca7','2025-02-24 23:14:57','a2bec9ef-28a6-41cb-937b-adaf51dd5ca7','2025-02-24 23:14:57'
'The Tolkien Library: Collecting Tolkien books','http://www.tolkienlibrary.com/',92,'a2bec9ef-28a6-41cb-937b-adaf51dd5ca7','2025-02-24 23:14:57','a2bec9ef-28a6-41cb-937b-adaf51dd5ca7','2025-02-24 23:14:57'
'Author's website','https://anahuang.com',107,'a2bec9ef-28a6-41cb-937b-adaf51dd5ca7','2025-02-24 23:14:57','a2bec9ef-28a6-41cb-937b-adaf51dd5ca7','2025-02-24 23:14:57'
'Wikipedia entry','http://en.wikipedia.org/wiki/Oscar_Wilde',112,'a2bec9ef-28a6-41cb-937b-adaf51dd5ca7','2025-02-24 23:14:57','a2bec9ef-28a6-41cb-937b-adaf51dd5ca7','2025-02-24 23:14:57'
'Oscar Wilde Quotations','http://izquotes.com/author/oscar-wilde',112,'a2bec9ef-28a6-41cb-937b-adaf51dd5ca7','2025-02-24 23:14:57','a2bec9ef-28a6-41cb-937b-adaf51dd5ca7','2025-02-24 23:14:57'
'Jardin des citations','https://jardindescitations.com/auteurs/@oscarWilde',112,'a2bec9ef-28a6-41cb-937b-adaf51dd5ca7','2025-02-24 23:14:57','a2bec9ef-28a6-41cb-937b-adaf51dd5ca7','2025-02-24 23:14:57'
'Wikipedia','http://en.wikipedia.org/wiki/Iain_Banks',113,'a2bec9ef-28a6-41cb-937b-adaf51dd5ca7','2025-02-24 23:14:57','a2bec9ef-28a6-41cb-937b-adaf51dd5ca7','2025-02-24 23:14:57'
'DANIEL KEYES BIO - Daniel Keyes Homepage','http://www.danielkeyesauthor.com/dksbio.html',115,'a2bec9ef-28a6-41cb-937b-adaf51dd5ca7','2025-02-24 23:14:57','a2bec9ef-28a6-41cb-937b-adaf51dd5ca7','2025-02-24 23:14:57'
'margaretatwood.ca','http://margaretatwood.ca',116,'a2bec9ef-28a6-41cb-937b-adaf51dd5ca7','2025-02-24 23:14:57','a2bec9ef-28a6-41cb-937b-adaf51dd5ca7','2025-02-24 23:14:57'
'Official web site','http://www.trevornoah.com',122,'a2bec9ef-28a6-41cb-937b-adaf51dd5ca7','2025-02-24 23:14:57','a2bec9ef-28a6-41cb-937b-adaf51dd5ca7','2025-02-24 23:14:57'
'Official Web Site','http://www.trevornoah.com',122,'a2bec9ef-28a6-41cb-937b-adaf51dd5ca7','2025-02-24 23:14:57','a2bec9ef-28a6-41cb-937b-adaf51dd5ca7','2025-02-24 23:14:57'
'Wikipedia','https://en.wikipedia.org/wiki/Jojo_Moyes',127,'a2bec9ef-28a6-41cb-937b-adaf51dd5ca7','2025-02-24 23:14:57','a2bec9ef-28a6-41cb-937b-adaf51dd5ca7','2025-02-24 23:14:57'
'Wikipedia page','http://en.wikipedia.org/wiki/Stephen_Hawking',129,'a2bec9ef-28a6-41cb-937b-adaf51dd5ca7','2025-02-24 23:14:57','a2bec9ef-28a6-41cb-937b-adaf51dd5ca7','2025-02-24 23:14:57'
'Wikipedia','https://en.wikipedia.org/wiki/Adrian_Tchaikovsky',130,'a2bec9ef-28a6-41cb-937b-adaf51dd5ca7','2025-02-24 23:14:57','a2bec9ef-28a6-41cb-937b-adaf51dd5ca7','2025-02-24 23:14:57'
'Wikipedia page','https://en.wikipedia.org/wiki/Joseph_Murphy_(author)',135,'a2bec9ef-28a6-41cb-937b-adaf51dd5ca7','2025-02-24 23:14:57','a2bec9ef-28a6-41cb-937b-adaf51dd5ca7','2025-02-24 23:14:57'
'TerryPratchettBooks.com','http://www.terrypratchettbooks.com/',137,'a2bec9ef-28a6-41cb-937b-adaf51dd5ca7','2025-02-24 23:14:57','a2bec9ef-28a6-41cb-937b-adaf51dd5ca7','2025-02-24 23:14:57'
'TerryPratchett.co.uk','http://www.terrypratchett.co.uk/',137,'a2bec9ef-28a6-41cb-937b-adaf51dd5ca7','2025-02-24 23:14:57','a2bec9ef-28a6-41cb-937b-adaf51dd5ca7','2025-02-24 23:14:57'
'Official Website of the Sir Arthur Conan Doyle Literary Estate','http://www.sherlockholmesonline.org/',139,'a2bec9ef-28a6-41cb-937b-adaf51dd5ca7','2025-02-24 23:14:57','a2bec9ef-28a6-41cb-937b-adaf51dd5ca7','2025-02-24 23:14:57'
'LibriVox audio books','http://librivox.org/newcatalog/search_advanced.php?author=Lucy+Maud+Montgomery&status=complete&action=Search',142,'a2bec9ef-28a6-41cb-937b-adaf51dd5ca7','2025-02-24 23:14:57','a2bec9ef-28a6-41cb-937b-adaf51dd5ca7','2025-02-24 23:14:57'
'Website','http://www.umbertoeco.it/',144,'a2bec9ef-28a6-41cb-937b-adaf51dd5ca7','2025-02-24 23:14:57','a2bec9ef-28a6-41cb-937b-adaf51dd5ca7','2025-02-24 23:14:57'
'Hatrack River - The Official Web Site of Orson Scott Card','http://www.hatrack.com/',146,'a2bec9ef-28a6-41cb-937b-adaf51dd5ca7','2025-02-24 23:14:57','a2bec9ef-28a6-41cb-937b-adaf51dd5ca7','2025-02-24 23:14:57'
'Orson Scott Card - Wikipedia','https://en.wikipedia.org/wiki/Orson_Scott_Card',146,'a2bec9ef-28a6-41cb-937b-adaf51dd5ca7','2025-02-24 23:14:57','a2bec9ef-28a6-41cb-937b-adaf51dd5ca7','2025-02-24 23:14:57'
'michaelpollan.com','https://michaelpollan.com/',148,'a2bec9ef-28a6-41cb-937b-adaf51dd5ca7','2025-02-24 23:14:57','a2bec9ef-28a6-41cb-937b-adaf51dd5ca7','2025-02-24 23:14:57'
'Personal Website','http://www.patrickrothfuss.com/',151,'a2bec9ef-28a6-41cb-937b-adaf51dd5ca7','2025-02-24 23:14:57','a2bec9ef-28a6-41cb-937b-adaf51dd5ca7','2025-02-24 23:14:57'
'Blog','http://blog.patrickrothfuss.com/',151,'a2bec9ef-28a6-41cb-937b-adaf51dd5ca7','2025-02-24 23:14:57','a2bec9ef-28a6-41cb-937b-adaf51dd5ca7','2025-02-24 23:14:57'
'Author's Website','http://erinmorgenstern.com/',154,'a2bec9ef-28a6-41cb-937b-adaf51dd5ca7','2025-02-24 23:14:57','a2bec9ef-28a6-41cb-937b-adaf51dd5ca7','2025-02-24 23:14:57'
'Wikipedia','https://en.wikipedia.org/wiki/Erin_Morgenstern',154,'a2bec9ef-28a6-41cb-937b-adaf51dd5ca7','2025-02-24 23:14:57','a2bec9ef-28a6-41cb-937b-adaf51dd5ca7','2025-02-24 23:14:57'
'ISNI','http://isni.org/isni/0000000106557959',158,'a2bec9ef-28a6-41cb-937b-adaf51dd5ca7','2025-02-24 23:14:57','a2bec9ef-28a6-41cb-937b-adaf51dd5ca7','2025-02-24 23:14:57'
'V. C. Andrews - Wikipedia','https://en.wikipedia.org/wiki/V._C._Andrews',158,'a2bec9ef-28a6-41cb-937b-adaf51dd5ca7','2025-02-24 23:14:57','a2bec9ef-28a6-41cb-937b-adaf51dd5ca7','2025-02-24 23:14:57'
'RayBradbury.com','http://www.raybradbury.com/',161,'a2bec9ef-28a6-41cb-937b-adaf51dd5ca7','2025-02-24 23:14:57','a2bec9ef-28a6-41cb-937b-adaf51dd5ca7','2025-02-24 23:14:57'
'Wikipedia EN','https://en.wikipedia.org/wiki/Ray_Bradbury',161,'a2bec9ef-28a6-41cb-937b-adaf51dd5ca7','2025-02-24 23:14:57','a2bec9ef-28a6-41cb-937b-adaf51dd5ca7','2025-02-24 23:14:57'
'GoodReads','http://www.goodreads.com/author/show/2493.Lois_Lowry',164,'a2bec9ef-28a6-41cb-937b-adaf51dd5ca7','2025-02-24 23:14:57','a2bec9ef-28a6-41cb-937b-adaf51dd5ca7','2025-02-24 23:14:57'
'Wikipedia link to Philip K Dick','http://en.wikipedia.org/wiki/Philip_K._Dick',166,'a2bec9ef-28a6-41cb-937b-adaf51dd5ca7','2025-02-24 23:14:57','a2bec9ef-28a6-41cb-937b-adaf51dd5ca7','2025-02-24 23:14:57'
'Goodreads','www.goodreads.com/author/show/1036736.Katherine_Applegate',169,'a2bec9ef-28a6-41cb-937b-adaf51dd5ca7','2025-02-24 23:14:57','a2bec9ef-28a6-41cb-937b-adaf51dd5ca7','2025-02-24 23:14:57'
'katherineapplegate.com','https://katherineapplegate.com/',169,'a2bec9ef-28a6-41cb-937b-adaf51dd5ca7','2025-02-24 23:14:57','a2bec9ef-28a6-41cb-937b-adaf51dd5ca7','2025-02-24 23:14:57'
'ISNI','http://isni.org/isni/0000000121415473',171,'a2bec9ef-28a6-41cb-937b-adaf51dd5ca7','2025-02-24 23:14:57','a2bec9ef-28a6-41cb-937b-adaf51dd5ca7','2025-02-24 23:14:57'
'VIAF','https://viaf.org/viaf/82496850/',171,'a2bec9ef-28a6-41cb-937b-adaf51dd5ca7','2025-02-24 23:14:57','a2bec9ef-28a6-41cb-937b-adaf51dd5ca7','2025-02-24 23:14:57'
'Wikidata','https://www.wikidata.org/wiki/Q606557',171,'a2bec9ef-28a6-41cb-937b-adaf51dd5ca7','2025-02-24 23:14:57','a2bec9ef-28a6-41cb-937b-adaf51dd5ca7','2025-02-24 23:14:57'
'Official Website','https://www.eric-carle.com/',171,'a2bec9ef-28a6-41cb-937b-adaf51dd5ca7','2025-02-24 23:14:57','a2bec9ef-28a6-41cb-937b-adaf51dd5ca7','2025-02-24 23:14:57'
'The New York Times: A Classic Turns 50, and Parties Are Planned','http://www.nytimes.com/2010/05/25/books/25mock.html',173,'a2bec9ef-28a6-41cb-937b-adaf51dd5ca7','2025-02-24 23:14:57','a2bec9ef-28a6-41cb-937b-adaf51dd5ca7','2025-02-24 23:14:57'
'Wikipedia','https://en.wikipedia.org/wiki/John_Green',174,'a2bec9ef-28a6-41cb-937b-adaf51dd5ca7','2025-02-24 23:14:57','a2bec9ef-28a6-41cb-937b-adaf51dd5ca7','2025-02-24 23:14:57'
'Becky Chambers' Website','https://www.otherscribbles.com',176,'a2bec9ef-28a6-41cb-937b-adaf51dd5ca7','2025-02-24 23:14:57','a2bec9ef-28a6-41cb-937b-adaf51dd5ca7','2025-02-24 23:14:57'
'Wikipedia','https://en.wikipedia.org/wiki/Norton_Juster',180,'a2bec9ef-28a6-41cb-937b-adaf51dd5ca7','2025-02-24 23:14:57','a2bec9ef-28a6-41cb-937b-adaf51dd5ca7','2025-02-24 23:14:57'
'Wikipedia entry (includes useful bibliography)','http://en.wikipedia.org/wiki/Jules_Verne',181,'a2bec9ef-28a6-41cb-937b-adaf51dd5ca7','2025-02-24 23:14:57','a2bec9ef-28a6-41cb-937b-adaf51dd5ca7','2025-02-24 23:14:57'
'Le musée Jules Verne de Nantes','http://www.nantes.fr/julesverne/acc_5.htm',181,'a2bec9ef-28a6-41cb-937b-adaf51dd5ca7','2025-02-24 23:14:57','a2bec9ef-28a6-41cb-937b-adaf51dd5ca7','2025-02-24 23:14:57'
'Goodreads','https://www.goodreads.com/author/show/21098177.Ali_Hazelwood',182,'a2bec9ef-28a6-41cb-937b-adaf51dd5ca7','2025-02-24 23:14:57','a2bec9ef-28a6-41cb-937b-adaf51dd5ca7','2025-02-24 23:14:57'
'suzannecollinsbooks.com','http://www.suzannecollinsbooks.com/',185,'a2bec9ef-28a6-41cb-937b-adaf51dd5ca7','2025-02-24 23:14:57','a2bec9ef-28a6-41cb-937b-adaf51dd5ca7','2025-02-24 23:14:57'
'Author home page','http://www.ursulakleguin.com/',187,'a2bec9ef-28a6-41cb-937b-adaf51dd5ca7','2025-02-24 23:14:57','a2bec9ef-28a6-41cb-937b-adaf51dd5ca7','2025-02-24 23:14:57'
'Wikipedia (en)','https://en.wikipedia.org/wiki/Ursula_K._Le_Guin',187,'a2bec9ef-28a6-41cb-937b-adaf51dd5ca7','2025-02-24 23:14:57','a2bec9ef-28a6-41cb-937b-adaf51dd5ca7','2025-02-24 23:14:57'
'BookBrainz','https://bookbrainz.org/author/e66704df-2386-4af9-9b02-a3440a1bc828',187,'a2bec9ef-28a6-41cb-937b-adaf51dd5ca7','2025-02-24 23:14:57','a2bec9ef-28a6-41cb-937b-adaf51dd5ca7','2025-02-24 23:14:57'
'inventaire.io','https://inventaire.io/entity/wd:Q181659',187,'a2bec9ef-28a6-41cb-937b-adaf51dd5ca7','2025-02-24 23:14:57','a2bec9ef-28a6-41cb-937b-adaf51dd5ca7','2025-02-24 23:14:57'
'Wikipedia','http://en.wikipedia.org/wiki/Larry_Niven',188,'a2bec9ef-28a6-41cb-937b-adaf51dd5ca7','2025-02-24 23:14:57','a2bec9ef-28a6-41cb-937b-adaf51dd5ca7','2025-02-24 23:14:57'
'VIAF','https://viaf.org/viaf/317283205',189,'a2bec9ef-28a6-41cb-937b-adaf51dd5ca7','2025-02-24 23:14:57','a2bec9ef-28a6-41cb-937b-adaf51dd5ca7','2025-02-24 23:14:57'
'ISNI','http://isni.org/isni/0000000456193171',189,'a2bec9ef-28a6-41cb-937b-adaf51dd5ca7','2025-02-24 23:14:57','a2bec9ef-28a6-41cb-937b-adaf51dd5ca7','2025-02-24 23:14:57'
'Wikidata','https://www.wikidata.org/wiki/Q217619',189,'a2bec9ef-28a6-41cb-937b-adaf51dd5ca7','2025-02-24 23:14:57','a2bec9ef-28a6-41cb-937b-adaf51dd5ca7','2025-02-24 23:14:57'
'The International Anthony Burgess Foundation','https://www.anthonyburgess.org/',189,'a2bec9ef-28a6-41cb-937b-adaf51dd5ca7','2025-02-24 23:14:57','a2bec9ef-28a6-41cb-937b-adaf51dd5ca7','2025-02-24 23:14:57'
'CMQ','https://caseymcquiston.com/',191,'a2bec9ef-28a6-41cb-937b-adaf51dd5ca7','2025-02-24 23:14:57','a2bec9ef-28a6-41cb-937b-adaf51dd5ca7','2025-02-24 23:14:57'
'VIAF ID: 26154440069935341137 (Personal)','http://viaf.org/viaf/26154440069935341137',191,'a2bec9ef-28a6-41cb-937b-adaf51dd5ca7','2025-02-24 23:14:57','a2bec9ef-28a6-41cb-937b-adaf51dd5ca7','2025-02-24 23:14:57'
'Oliver Sacks, M.D., Author, Neurologist | Official Web Site','https://www.oliversacks.com',195,'a2bec9ef-28a6-41cb-937b-adaf51dd5ca7','2025-02-24 23:14:57','a2bec9ef-28a6-41cb-937b-adaf51dd5ca7','2025-02-24 23:14:57'
'BookBrainz','https://bookbrainz.org/author/14d9878b-0aeb-49d5-9670-8ddc120bf31e',195,'a2bec9ef-28a6-41cb-937b-adaf51dd5ca7','2025-02-24 23:14:57','a2bec9ef-28a6-41cb-937b-adaf51dd5ca7','2025-02-24 23:14:57'
'MusicBrainz','https://musicbrainz.org/artist/5dabb41f-da95-426f-be70-73f4af22a0dd',195,'a2bec9ef-28a6-41cb-937b-adaf51dd5ca7','2025-02-24 23:14:57','a2bec9ef-28a6-41cb-937b-adaf51dd5ca7','2025-02-24 23:14:57'
'Amy Tan on Creativity (TED Talk)','http://www.ted.com/talks/lang/eng/amy_tan_on_creativity.html',196,'a2bec9ef-28a6-41cb-937b-adaf51dd5ca7','2025-02-24 23:14:57','a2bec9ef-28a6-41cb-937b-adaf51dd5ca7','2025-02-24 23:14:57'
'Wikipedia entry','http://en.wikipedia.org/wiki/Vernor_Vinge',197,'a2bec9ef-28a6-41cb-937b-adaf51dd5ca7','2025-02-24 23:14:57','a2bec9ef-28a6-41cb-937b-adaf51dd5ca7','2025-02-24 23:14:57'
'Wikipedia link Robert Heinlein','http://en.wikipedia.org/wiki/Robert_A._Heinlein',199,'a2bec9ef-28a6-41cb-937b-adaf51dd5ca7','2025-02-24 23:14:57','a2bec9ef-28a6-41cb-937b-adaf51dd5ca7','2025-02-24 23:14:57'
'Heinlein Society is a group dedicated to preserving Heinlein's legacy.','http://www.heinleinsociety.org/',199,'a2bec9ef-28a6-41cb-937b-adaf51dd5ca7','2025-02-24 23:14:57','a2bec9ef-28a6-41cb-937b-adaf51dd5ca7','2025-02-24 23:14:57'
'Official Site','http://www.lemonysnicket.com/',200,'a2bec9ef-28a6-41cb-937b-adaf51dd5ca7','2025-02-24 23:14:57','a2bec9ef-28a6-41cb-937b-adaf51dd5ca7','2025-02-24 23:14:57'
'Donna Tartt: The Powells.com Interview','http://www.powells.com/blog/interviews/donna-tartt-the-powells-com-interview-by-jill/',202,'a2bec9ef-28a6-41cb-937b-adaf51dd5ca7','2025-02-24 23:14:57','a2bec9ef-28a6-41cb-937b-adaf51dd5ca7','2025-02-24 23:14:57'
'Official Web Site','http://www.georgerrmartin.com/',205,'a2bec9ef-28a6-41cb-937b-adaf51dd5ca7','2025-02-24 23:14:57','a2bec9ef-28a6-41cb-937b-adaf51dd5ca7','2025-02-24 23:14:57'
'George R. R. Martin's Blog','http://grrm.livejournal.com/',205,'a2bec9ef-28a6-41cb-937b-adaf51dd5ca7','2025-02-24 23:14:57','a2bec9ef-28a6-41cb-937b-adaf51dd5ca7','2025-02-24 23:14:57'
'Stephen King's Official Web Site','http://www.stephenking.com',212,'a2bec9ef-28a6-41cb-937b-adaf51dd5ca7','2025-02-24 23:14:57','a2bec9ef-28a6-41cb-937b-adaf51dd5ca7','2025-02-24 23:14:57'
'Wikipedia','https://en.wikipedia.org/wiki/Alan_Moore',214,'a2bec9ef-28a6-41cb-937b-adaf51dd5ca7','2025-02-24 23:14:57','a2bec9ef-28a6-41cb-937b-adaf51dd5ca7','2025-02-24 23:14:57'
'BookBrainz','https://bookbrainz.org/author/51f0fb35-2c27-49e2-99ce-164dc984900b',214,'a2bec9ef-28a6-41cb-937b-adaf51dd5ca7','2025-02-24 23:14:57','a2bec9ef-28a6-41cb-937b-adaf51dd5ca7','2025-02-24 23:14:57'
'inventaire.io','https://inventaire.io/entity/wd:Q205739',214,'a2bec9ef-28a6-41cb-937b-adaf51dd5ca7','2025-02-24 23:14:57','a2bec9ef-28a6-41cb-937b-adaf51dd5ca7','2025-02-24 23:14:57'
'Wikipedia','https://en.wikipedia.org/wiki/Kiera_Cass',217,'a2bec9ef-28a6-41cb-937b-adaf51dd5ca7','2025-02-24 23:14:57','a2bec9ef-28a6-41cb-937b-adaf51dd5ca7','2025-02-24 23:14:57'
'Source','http://www.danielabraham.com/james-s-a-corey/',220,'a2bec9ef-28a6-41cb-937b-adaf51dd5ca7','2025-02-24 23:14:57','a2bec9ef-28a6-41cb-937b-adaf51dd5ca7','2025-02-24 23:14:57'
'roalddahl.com','http://www.roalddahl.com/',223,'a2bec9ef-28a6-41cb-937b-adaf51dd5ca7','2025-02-24 23:14:57','a2bec9ef-28a6-41cb-937b-adaf51dd5ca7','2025-02-24 23:14:57'
'Wikipedia entry','http://en.wikipedia.org/wiki/Roald_Dahl',223,'a2bec9ef-28a6-41cb-937b-adaf51dd5ca7','2025-02-24 23:14:57','a2bec9ef-28a6-41cb-937b-adaf51dd5ca7','2025-02-24 23:14:57'
