publisher_name,created_by,created_at,last_modified_by,last_modified_at,revision
"Insel-Verlag","a2bec9ef-28a6-41cb-937b-adaf51dd5ca7","2025-02-27 17:55:20","a2bec9ef-28a6-41cb-937b-adaf51dd5ca7","2025-02-27 17:55:20",1
"A.J. Stewart","a2bec9ef-28a6-41cb-937b-adaf51dd5ca7","2025-02-27 17:55:20","a2bec9ef-28a6-41cb-937b-adaf51dd5ca7","2025-02-27 17:55:20",1
"The Athenæum, Literature Department","a2bec9ef-28a6-41cb-937b-adaf51dd5ca7","2025-02-27 17:55:20","a2bec9ef-28a6-41cb-937b-adaf51dd5ca7","2025-02-27 17:55:20",1
"Independently Published","a2bec9ef-28a6-41cb-937b-adaf51dd5ca7","2025-02-27 17:55:20","a2bec9ef-28a6-41cb-937b-adaf51dd5ca7","2025-02-27 17:55:20",1
"U.S. Dept. of the Interior,  Bureau of Land Management","a2bec9ef-28a6-41cb-937b-adaf51dd5ca7","2025-02-27 17:55:20","a2bec9ef-28a6-41cb-937b-adaf51dd5ca7","2025-02-27 17:55:20",1
"AKAL","a2bec9ef-28a6-41cb-937b-adaf51dd5ca7","2025-02-27 17:55:20","a2bec9ef-28a6-41cb-937b-adaf51dd5ca7","2025-02-27 17:55:20",1
"Pan","a2bec9ef-28a6-41cb-937b-adaf51dd5ca7","2025-02-27 17:55:20","a2bec9ef-28a6-41cb-937b-adaf51dd5ca7","2025-02-27 17:55:20",1
"L'Harmattan","a2bec9ef-28a6-41cb-937b-adaf51dd5ca7","2025-02-27 17:55:20","a2bec9ef-28a6-41cb-937b-adaf51dd5ca7","2025-02-27 17:55:20",1
"Springer Singapore Pte. Limited","a2bec9ef-28a6-41cb-937b-adaf51dd5ca7","2025-02-27 17:55:20","a2bec9ef-28a6-41cb-937b-adaf51dd5ca7","2025-02-27 17:55:20",1
"CreateSpace Independent Publishing Platform","a2bec9ef-28a6-41cb-937b-adaf51dd5ca7","2025-02-27 17:55:20","a2bec9ef-28a6-41cb-937b-adaf51dd5ca7","2025-02-27 17:55:20",1
"Chez Maillard d'Orivelle","a2bec9ef-28a6-41cb-937b-adaf51dd5ca7","2025-02-27 17:55:20","a2bec9ef-28a6-41cb-937b-adaf51dd5ca7","2025-02-27 17:55:20",1
"CRC Press LLC","a2bec9ef-28a6-41cb-937b-adaf51dd5ca7","2025-02-27 17:55:20","a2bec9ef-28a6-41cb-937b-adaf51dd5ca7","2025-02-27 17:55:20",1
"Guangxi xin hua shu dian fa xing","a2bec9ef-28a6-41cb-937b-adaf51dd5ca7","2025-02-27 17:55:20","a2bec9ef-28a6-41cb-937b-adaf51dd5ca7","2025-02-27 17:55:20",1
"Wiley & Sons, Incorporated, John","a2bec9ef-28a6-41cb-937b-adaf51dd5ca7","2025-02-27 17:55:20","a2bec9ef-28a6-41cb-937b-adaf51dd5ca7","2025-02-27 17:55:20",1
"OR Books, LLC","a2bec9ef-28a6-41cb-937b-adaf51dd5ca7","2025-02-27 17:55:20","a2bec9ef-28a6-41cb-937b-adaf51dd5ca7","2025-02-27 17:55:20",1
"Temple Smith","a2bec9ef-28a6-41cb-937b-adaf51dd5ca7","2025-02-27 17:55:20","a2bec9ef-28a6-41cb-937b-adaf51dd5ca7","2025-02-27 17:55:20",1
"[publisher not identified]","a2bec9ef-28a6-41cb-937b-adaf51dd5ca7","2025-02-27 17:55:20","a2bec9ef-28a6-41cb-937b-adaf51dd5ca7","2025-02-27 17:55:20",1
"Sea World","a2bec9ef-28a6-41cb-937b-adaf51dd5ca7","2025-02-27 17:55:20","a2bec9ef-28a6-41cb-937b-adaf51dd5ca7","2025-02-27 17:55:20",1
"Globus","a2bec9ef-28a6-41cb-937b-adaf51dd5ca7","2025-02-27 17:55:20","a2bec9ef-28a6-41cb-937b-adaf51dd5ca7","2025-02-27 17:55:20",1
"ELI SRL","a2bec9ef-28a6-41cb-937b-adaf51dd5ca7","2025-02-27 17:55:20","a2bec9ef-28a6-41cb-937b-adaf51dd5ca7","2025-02-27 17:55:20",1
"Presses universitaires de France","a2bec9ef-28a6-41cb-937b-adaf51dd5ca7","2025-02-27 17:55:20","a2bec9ef-28a6-41cb-937b-adaf51dd5ca7","2025-02-27 17:55:20",1
"Other Voices Press","a2bec9ef-28a6-41cb-937b-adaf51dd5ca7","2025-02-27 17:55:20","a2bec9ef-28a6-41cb-937b-adaf51dd5ca7","2025-02-27 17:55:20",1
"Primedia eLaunch LLC","a2bec9ef-28a6-41cb-937b-adaf51dd5ca7","2025-02-27 17:55:20","a2bec9ef-28a6-41cb-937b-adaf51dd5ca7","2025-02-27 17:55:20",1
"Sovetskaya Rossiya","a2bec9ef-28a6-41cb-937b-adaf51dd5ca7","2025-02-27 17:55:20","a2bec9ef-28a6-41cb-937b-adaf51dd5ca7","2025-02-27 17:55:20",1
"de Gruyter GmbH, Walter","a2bec9ef-28a6-41cb-937b-adaf51dd5ca7","2025-02-27 17:55:20","a2bec9ef-28a6-41cb-937b-adaf51dd5ca7","2025-02-27 17:55:20",1
"R. Boorberg","a2bec9ef-28a6-41cb-937b-adaf51dd5ca7","2025-02-27 17:55:20","a2bec9ef-28a6-41cb-937b-adaf51dd5ca7","2025-02-27 17:55:20",1
"American Society for Testing and Materials","a2bec9ef-28a6-41cb-937b-adaf51dd5ca7","2025-02-27 17:55:20","a2bec9ef-28a6-41cb-937b-adaf51dd5ca7","2025-02-27 17:55:20",1
"Shang wu yin shu guan","a2bec9ef-28a6-41cb-937b-adaf51dd5ca7","2025-02-27 17:55:20","a2bec9ef-28a6-41cb-937b-adaf51dd5ca7","2025-02-27 17:55:20",1
"Stationery Office Books","a2bec9ef-28a6-41cb-937b-adaf51dd5ca7","2025-02-27 17:55:20","a2bec9ef-28a6-41cb-937b-adaf51dd5ca7","2025-02-27 17:55:20",1
"Terciopelo","a2bec9ef-28a6-41cb-937b-adaf51dd5ca7","2025-02-27 17:55:20","a2bec9ef-28a6-41cb-937b-adaf51dd5ca7","2025-02-27 17:55:20",1
"'Biĭiktik'","a2bec9ef-28a6-41cb-937b-adaf51dd5ca7","2025-02-27 17:55:20","a2bec9ef-28a6-41cb-937b-adaf51dd5ca7","2025-02-27 17:55:20",1
"Sail Books","a2bec9ef-28a6-41cb-937b-adaf51dd5ca7","2025-02-27 17:55:20","a2bec9ef-28a6-41cb-937b-adaf51dd5ca7","2025-02-27 17:55:20",1
"Jones and Bartlett Publishers","a2bec9ef-28a6-41cb-937b-adaf51dd5ca7","2025-02-27 17:55:20","a2bec9ef-28a6-41cb-937b-adaf51dd5ca7","2025-02-27 17:55:20",1
"Library of Congress Office","a2bec9ef-28a6-41cb-937b-adaf51dd5ca7","2025-02-27 17:55:20","a2bec9ef-28a6-41cb-937b-adaf51dd5ca7","2025-02-27 17:55:20",1
"Taylor & Francis Group","a2bec9ef-28a6-41cb-937b-adaf51dd5ca7","2025-02-27 17:55:20","a2bec9ef-28a6-41cb-937b-adaf51dd5ca7","2025-02-27 17:55:20",1
"Routledge","a2bec9ef-28a6-41cb-937b-adaf51dd5ca7","2025-02-27 17:55:20","a2bec9ef-28a6-41cb-937b-adaf51dd5ca7","2025-02-27 17:55:20",1
"Cavendish Square Publishing LLC","a2bec9ef-28a6-41cb-937b-adaf51dd5ca7","2025-02-27 17:55:20","a2bec9ef-28a6-41cb-937b-adaf51dd5ca7","2025-02-27 17:55:20",1
"Baker Pub Group","a2bec9ef-28a6-41cb-937b-adaf51dd5ca7","2025-02-27 17:55:20","a2bec9ef-28a6-41cb-937b-adaf51dd5ca7","2025-02-27 17:55:20",1
"'Molodai͡a︡ gvardii͡a︡'","a2bec9ef-28a6-41cb-937b-adaf51dd5ca7","2025-02-27 17:55:20","a2bec9ef-28a6-41cb-937b-adaf51dd5ca7","2025-02-27 17:55:20",1
"Mosaic Books","a2bec9ef-28a6-41cb-937b-adaf51dd5ca7","2025-02-27 17:55:20","a2bec9ef-28a6-41cb-937b-adaf51dd5ca7","2025-02-27 17:55:20",1
"AuthorHouse","a2bec9ef-28a6-41cb-937b-adaf51dd5ca7","2025-02-27 17:55:20","a2bec9ef-28a6-41cb-937b-adaf51dd5ca7","2025-02-27 17:55:20",1
"Rosen Publishing Group","a2bec9ef-28a6-41cb-937b-adaf51dd5ca7","2025-02-27 17:55:20","a2bec9ef-28a6-41cb-937b-adaf51dd5ca7","2025-02-27 17:55:20",1
"Osprey Publishing","a2bec9ef-28a6-41cb-937b-adaf51dd5ca7","2025-02-27 17:55:20","a2bec9ef-28a6-41cb-937b-adaf51dd5ca7","2025-02-27 17:55:20",1
"Susan Aldworth","a2bec9ef-28a6-41cb-937b-adaf51dd5ca7","2025-02-27 17:55:20","a2bec9ef-28a6-41cb-937b-adaf51dd5ca7","2025-02-27 17:55:20",1
"Hêvı̂ya Gel Yayınları","a2bec9ef-28a6-41cb-937b-adaf51dd5ca7","2025-02-27 17:55:20","a2bec9ef-28a6-41cb-937b-adaf51dd5ca7","2025-02-27 17:55:20",1
"Maktabah-yi Fārūqiyah","a2bec9ef-28a6-41cb-937b-adaf51dd5ca7","2025-02-27 17:55:20","a2bec9ef-28a6-41cb-937b-adaf51dd5ca7","2025-02-27 17:55:20",1
"Molodai︠a︡ gvardii︠a︡","a2bec9ef-28a6-41cb-937b-adaf51dd5ca7","2025-02-27 17:55:20","a2bec9ef-28a6-41cb-937b-adaf51dd5ca7","2025-02-27 17:55:20",1
"Springer Publishing Company, Incorporated","a2bec9ef-28a6-41cb-937b-adaf51dd5ca7","2025-02-27 17:55:20","a2bec9ef-28a6-41cb-937b-adaf51dd5ca7","2025-02-27 17:55:20",1
"Co-operative College of Canada","a2bec9ef-28a6-41cb-937b-adaf51dd5ca7","2025-02-27 17:55:20","a2bec9ef-28a6-41cb-937b-adaf51dd5ca7","2025-02-27 17:55:20",1
"Sally Milner Publishing","a2bec9ef-28a6-41cb-937b-adaf51dd5ca7","2025-02-27 17:55:20","a2bec9ef-28a6-41cb-937b-adaf51dd5ca7","2025-02-27 17:55:20",1
"De Gruyter, Inc.","a2bec9ef-28a6-41cb-937b-adaf51dd5ca7","2025-02-27 17:55:20","a2bec9ef-28a6-41cb-937b-adaf51dd5ca7","2025-02-27 17:55:20",1
"Wayne State University Press","a2bec9ef-28a6-41cb-937b-adaf51dd5ca7","2025-02-27 17:55:20","a2bec9ef-28a6-41cb-937b-adaf51dd5ca7","2025-02-27 17:55:20",1
"Oficyna Naukowa","a2bec9ef-28a6-41cb-937b-adaf51dd5ca7","2025-02-27 17:55:20","a2bec9ef-28a6-41cb-937b-adaf51dd5ca7","2025-02-27 17:55:20",1
"Aro Books Inc.","a2bec9ef-28a6-41cb-937b-adaf51dd5ca7","2025-02-27 17:55:20","a2bec9ef-28a6-41cb-937b-adaf51dd5ca7","2025-02-27 17:55:20",1
"Hodder & Stoughton","a2bec9ef-28a6-41cb-937b-adaf51dd5ca7","2025-02-27 17:55:20","a2bec9ef-28a6-41cb-937b-adaf51dd5ca7","2025-02-27 17:55:20",1
"Birlinn","a2bec9ef-28a6-41cb-937b-adaf51dd5ca7","2025-02-27 17:55:20","a2bec9ef-28a6-41cb-937b-adaf51dd5ca7","2025-02-27 17:55:20",1
"CRC","a2bec9ef-28a6-41cb-937b-adaf51dd5ca7","2025-02-27 17:55:20","a2bec9ef-28a6-41cb-937b-adaf51dd5ca7","2025-02-27 17:55:20",1
"Gambit","a2bec9ef-28a6-41cb-937b-adaf51dd5ca7","2025-02-27 17:55:20","a2bec9ef-28a6-41cb-937b-adaf51dd5ca7","2025-02-27 17:55:20",1
"Lulu Press, Inc.","a2bec9ef-28a6-41cb-937b-adaf51dd5ca7","2025-02-27 17:55:20","a2bec9ef-28a6-41cb-937b-adaf51dd5ca7","2025-02-27 17:55:20",1
"Thüringer Volksverlag","a2bec9ef-28a6-41cb-937b-adaf51dd5ca7","2025-02-27 17:55:20","a2bec9ef-28a6-41cb-937b-adaf51dd5ca7","2025-02-27 17:55:20",1
"Hodder & Stoughton General Division","a2bec9ef-28a6-41cb-937b-adaf51dd5ca7","2025-02-27 17:55:20","a2bec9ef-28a6-41cb-937b-adaf51dd5ca7","2025-02-27 17:55:20",1
"Motilal Banarsidass","a2bec9ef-28a6-41cb-937b-adaf51dd5ca7","2025-02-27 17:55:20","a2bec9ef-28a6-41cb-937b-adaf51dd5ca7","2025-02-27 17:55:20",1
"F.S. Crofts & Co.","a2bec9ef-28a6-41cb-937b-adaf51dd5ca7","2025-02-27 17:55:20","a2bec9ef-28a6-41cb-937b-adaf51dd5ca7","2025-02-27 17:55:20",1
"Gregg P.","a2bec9ef-28a6-41cb-937b-adaf51dd5ca7","2025-02-27 17:55:20","a2bec9ef-28a6-41cb-937b-adaf51dd5ca7","2025-02-27 17:55:20",1
"Empresa Nacional de Publicaciones","a2bec9ef-28a6-41cb-937b-adaf51dd5ca7","2025-02-27 17:55:20","a2bec9ef-28a6-41cb-937b-adaf51dd5ca7","2025-02-27 17:55:20",1
"University of California Press","a2bec9ef-28a6-41cb-937b-adaf51dd5ca7","2025-02-27 17:55:20","a2bec9ef-28a6-41cb-937b-adaf51dd5ca7","2025-02-27 17:55:20",1
"De Gruyter","a2bec9ef-28a6-41cb-937b-adaf51dd5ca7","2025-02-27 17:55:20","a2bec9ef-28a6-41cb-937b-adaf51dd5ca7","2025-02-27 17:55:20",1
"Blurb","a2bec9ef-28a6-41cb-937b-adaf51dd5ca7","2025-02-27 17:55:20","a2bec9ef-28a6-41cb-937b-adaf51dd5ca7","2025-02-27 17:55:20",1
"Linguaphone Institute","a2bec9ef-28a6-41cb-937b-adaf51dd5ca7","2025-02-27 17:55:20","a2bec9ef-28a6-41cb-937b-adaf51dd5ca7","2025-02-27 17:55:20",1
"Wiley-Blackwell","a2bec9ef-28a6-41cb-937b-adaf51dd5ca7","2025-02-27 17:55:20","a2bec9ef-28a6-41cb-937b-adaf51dd5ca7","2025-02-27 17:55:20",1
"Victoriano Suárez","a2bec9ef-28a6-41cb-937b-adaf51dd5ca7","2025-02-27 17:55:20","a2bec9ef-28a6-41cb-937b-adaf51dd5ca7","2025-02-27 17:55:20",1
"Instituto Indigenista Interamericano, Departamento de Antropología","a2bec9ef-28a6-41cb-937b-adaf51dd5ca7","2025-02-27 17:55:20","a2bec9ef-28a6-41cb-937b-adaf51dd5ca7","2025-02-27 17:55:20",1
"Bles","a2bec9ef-28a6-41cb-937b-adaf51dd5ca7","2025-02-27 17:55:20","a2bec9ef-28a6-41cb-937b-adaf51dd5ca7","2025-02-27 17:55:20",1
"Universitätsverlag","a2bec9ef-28a6-41cb-937b-adaf51dd5ca7","2025-02-27 17:55:20","a2bec9ef-28a6-41cb-937b-adaf51dd5ca7","2025-02-27 17:55:20",1
"Asian Development Bank","a2bec9ef-28a6-41cb-937b-adaf51dd5ca7","2025-02-27 17:55:20","a2bec9ef-28a6-41cb-937b-adaf51dd5ca7","2025-02-27 17:55:20",1
"Izd-vo 'Nauka,'","a2bec9ef-28a6-41cb-937b-adaf51dd5ca7","2025-02-27 17:55:20","a2bec9ef-28a6-41cb-937b-adaf51dd5ca7","2025-02-27 17:55:20",1
"Routledge in association with the Open University","a2bec9ef-28a6-41cb-937b-adaf51dd5ca7","2025-02-27 17:55:20","a2bec9ef-28a6-41cb-937b-adaf51dd5ca7","2025-02-27 17:55:20",1
"Altin Kitaplar Yayinevi","a2bec9ef-28a6-41cb-937b-adaf51dd5ca7","2025-02-27 17:55:20","a2bec9ef-28a6-41cb-937b-adaf51dd5ca7","2025-02-27 17:55:20",1
"Blackwell Publishing Limited","a2bec9ef-28a6-41cb-937b-adaf51dd5ca7","2025-02-27 17:55:20","a2bec9ef-28a6-41cb-937b-adaf51dd5ca7","2025-02-27 17:55:20",1
"Middlesex Polytechnic. Programmed Instruction Centre","a2bec9ef-28a6-41cb-937b-adaf51dd5ca7","2025-02-27 17:55:20","a2bec9ef-28a6-41cb-937b-adaf51dd5ca7","2025-02-27 17:55:20",1
"Hawaii Institute of Tropical Agriculture and Human Resources, College of Tropical Agriculture and Human Resources, University of Hawaii","a2bec9ef-28a6-41cb-937b-adaf51dd5ca7","2025-02-27 17:55:20","a2bec9ef-28a6-41cb-937b-adaf51dd5ca7","2025-02-27 17:55:20",1
"Granada Television","a2bec9ef-28a6-41cb-937b-adaf51dd5ca7","2025-02-27 17:55:20","a2bec9ef-28a6-41cb-937b-adaf51dd5ca7","2025-02-27 17:55:20",1
"Farcountry Press","a2bec9ef-28a6-41cb-937b-adaf51dd5ca7","2025-02-27 17:55:20","a2bec9ef-28a6-41cb-937b-adaf51dd5ca7","2025-02-27 17:55:20",1
"University Press","a2bec9ef-28a6-41cb-937b-adaf51dd5ca7","2025-02-27 17:55:20","a2bec9ef-28a6-41cb-937b-adaf51dd5ca7","2025-02-27 17:55:20",1
"Dār al-Āfāq al-Jadīdah","a2bec9ef-28a6-41cb-937b-adaf51dd5ca7","2025-02-27 17:55:20","a2bec9ef-28a6-41cb-937b-adaf51dd5ca7","2025-02-27 17:55:20",1
"Transcript Verlag","a2bec9ef-28a6-41cb-937b-adaf51dd5ca7","2025-02-27 17:55:20","a2bec9ef-28a6-41cb-937b-adaf51dd5ca7","2025-02-27 17:55:20",1
"[s.n.]","a2bec9ef-28a6-41cb-937b-adaf51dd5ca7","2025-02-27 17:55:20","a2bec9ef-28a6-41cb-937b-adaf51dd5ca7","2025-02-27 17:55:20",1
"Minter Ellison","a2bec9ef-28a6-41cb-937b-adaf51dd5ca7","2025-02-27 17:55:20","a2bec9ef-28a6-41cb-937b-adaf51dd5ca7","2025-02-27 17:55:20",1
"Al-Maktab al-Islāmī","a2bec9ef-28a6-41cb-937b-adaf51dd5ca7","2025-02-27 17:55:20","a2bec9ef-28a6-41cb-937b-adaf51dd5ca7","2025-02-27 17:55:20",1
"Anaya Multimedia","a2bec9ef-28a6-41cb-937b-adaf51dd5ca7","2025-02-27 17:55:20","a2bec9ef-28a6-41cb-937b-adaf51dd5ca7","2025-02-27 17:55:20",1
"Government Printing Office","a2bec9ef-28a6-41cb-937b-adaf51dd5ca7","2025-02-27 17:55:20","a2bec9ef-28a6-41cb-937b-adaf51dd5ca7","2025-02-27 17:55:20",1
"al-Zahrāʼ lil-Iʻlām al-ʻArabī, Qism al-Nashr","a2bec9ef-28a6-41cb-937b-adaf51dd5ca7","2025-02-27 17:55:20","a2bec9ef-28a6-41cb-937b-adaf51dd5ca7","2025-02-27 17:55:20",1
"[Anvchar]","a2bec9ef-28a6-41cb-937b-adaf51dd5ca7","2025-02-27 17:55:20","a2bec9ef-28a6-41cb-937b-adaf51dd5ca7","2025-02-27 17:55:20",1
"?","a2bec9ef-28a6-41cb-937b-adaf51dd5ca7","2025-02-27 17:55:20","a2bec9ef-28a6-41cb-937b-adaf51dd5ca7","2025-02-27 17:55:20",1
"Éditions de l'Université de Bruxelles","a2bec9ef-28a6-41cb-937b-adaf51dd5ca7","2025-02-27 17:55:20","a2bec9ef-28a6-41cb-937b-adaf51dd5ca7","2025-02-27 17:55:20",1
"Beadle & Adams","a2bec9ef-28a6-41cb-937b-adaf51dd5ca7","2025-02-27 17:55:20","a2bec9ef-28a6-41cb-937b-adaf51dd5ca7","2025-02-27 17:55:20",1
"Pergamon","a2bec9ef-28a6-41cb-937b-adaf51dd5ca7","2025-02-27 17:55:20","a2bec9ef-28a6-41cb-937b-adaf51dd5ca7","2025-02-27 17:55:20",1
"VS Verlag für Sozialwissenschaften","a2bec9ef-28a6-41cb-937b-adaf51dd5ca7","2025-02-27 17:55:20","a2bec9ef-28a6-41cb-937b-adaf51dd5ca7","2025-02-27 17:55:20",1
"Michael Wiese Productions","a2bec9ef-28a6-41cb-937b-adaf51dd5ca7","2025-02-27 17:55:20","a2bec9ef-28a6-41cb-937b-adaf51dd5ca7","2025-02-27 17:55:20",1
"Lane Publishing []","a2bec9ef-28a6-41cb-937b-adaf51dd5ca7","2025-02-27 17:55:20","a2bec9ef-28a6-41cb-937b-adaf51dd5ca7","2025-02-27 17:55:20",1
"Editorial MAPFRE","a2bec9ef-28a6-41cb-937b-adaf51dd5ca7","2025-02-27 17:55:20","a2bec9ef-28a6-41cb-937b-adaf51dd5ca7","2025-02-27 17:55:20",1
"Twayne Publishers","a2bec9ef-28a6-41cb-937b-adaf51dd5ca7","2025-02-27 17:55:20","a2bec9ef-28a6-41cb-937b-adaf51dd5ca7","2025-02-27 17:55:20",1
"Ashgate","a2bec9ef-28a6-41cb-937b-adaf51dd5ca7","2025-02-27 17:55:20","a2bec9ef-28a6-41cb-937b-adaf51dd5ca7","2025-02-27 17:55:20",1
"Shin Nihon Shuppan Sha","a2bec9ef-28a6-41cb-937b-adaf51dd5ca7","2025-02-27 17:55:20","a2bec9ef-28a6-41cb-937b-adaf51dd5ca7","2025-02-27 17:55:20",1
"Herbert Lang","a2bec9ef-28a6-41cb-937b-adaf51dd5ca7","2025-02-27 17:55:20","a2bec9ef-28a6-41cb-937b-adaf51dd5ca7","2025-02-27 17:55:20",1
"Barnes & Noble","a2bec9ef-28a6-41cb-937b-adaf51dd5ca7","2025-02-27 17:55:20","a2bec9ef-28a6-41cb-937b-adaf51dd5ca7","2025-02-27 17:55:20",1
"Prentice Hall Ptr","a2bec9ef-28a6-41cb-937b-adaf51dd5ca7","2025-02-27 17:55:20","a2bec9ef-28a6-41cb-937b-adaf51dd5ca7","2025-02-27 17:55:20",1
"Nella stamparia di Carlo Giuseppe Jaurnich","a2bec9ef-28a6-41cb-937b-adaf51dd5ca7","2025-02-27 17:55:20","a2bec9ef-28a6-41cb-937b-adaf51dd5ca7","2025-02-27 17:55:20",1
"Istituto della enciclopedia italiana","a2bec9ef-28a6-41cb-937b-adaf51dd5ca7","2025-02-27 17:55:20","a2bec9ef-28a6-41cb-937b-adaf51dd5ca7","2025-02-27 17:55:20",1
"J.S. Thompson","a2bec9ef-28a6-41cb-937b-adaf51dd5ca7","2025-02-27 17:55:20","a2bec9ef-28a6-41cb-937b-adaf51dd5ca7","2025-02-27 17:55:20",1
"Impr. Yarima","a2bec9ef-28a6-41cb-937b-adaf51dd5ca7","2025-02-27 17:55:20","a2bec9ef-28a6-41cb-937b-adaf51dd5ca7","2025-02-27 17:55:20",1
"FriesenPress","a2bec9ef-28a6-41cb-937b-adaf51dd5ca7","2025-02-27 17:55:20","a2bec9ef-28a6-41cb-937b-adaf51dd5ca7","2025-02-27 17:55:20",1
"Duenas & Swavely","a2bec9ef-28a6-41cb-937b-adaf51dd5ca7","2025-02-27 17:55:20","a2bec9ef-28a6-41cb-937b-adaf51dd5ca7","2025-02-27 17:55:20",1
"Franklin Gardens","a2bec9ef-28a6-41cb-937b-adaf51dd5ca7","2025-02-27 17:55:20","a2bec9ef-28a6-41cb-937b-adaf51dd5ca7","2025-02-27 17:55:20",1
"Grafiker Yayinlari","a2bec9ef-28a6-41cb-937b-adaf51dd5ca7","2025-02-27 17:55:20","a2bec9ef-28a6-41cb-937b-adaf51dd5ca7","2025-02-27 17:55:20",1
"Kendall Hunt Pub Co","a2bec9ef-28a6-41cb-937b-adaf51dd5ca7","2025-02-27 17:55:20","a2bec9ef-28a6-41cb-937b-adaf51dd5ca7","2025-02-27 17:55:20",1
"Plon","a2bec9ef-28a6-41cb-937b-adaf51dd5ca7","2025-02-27 17:55:20","a2bec9ef-28a6-41cb-937b-adaf51dd5ca7","2025-02-27 17:55:20",1
"Ordnance Survey","a2bec9ef-28a6-41cb-937b-adaf51dd5ca7","2025-02-27 17:55:20","a2bec9ef-28a6-41cb-937b-adaf51dd5ca7","2025-02-27 17:55:20",1
"Casa Editrice 'Alpes'","a2bec9ef-28a6-41cb-937b-adaf51dd5ca7","2025-02-27 17:55:20","a2bec9ef-28a6-41cb-937b-adaf51dd5ca7","2025-02-27 17:55:20",1
"Jones and Bartlett","a2bec9ef-28a6-41cb-937b-adaf51dd5ca7","2025-02-27 17:55:20","a2bec9ef-28a6-41cb-937b-adaf51dd5ca7","2025-02-27 17:55:20",1
"Akadēmia Athēnōn, Kentron Ereunēs tou Mesaiōnikou kai Neou Hellēnismou","a2bec9ef-28a6-41cb-937b-adaf51dd5ca7","2025-02-27 17:55:20","a2bec9ef-28a6-41cb-937b-adaf51dd5ca7","2025-02-27 17:55:20",1
"PaperJacks","a2bec9ef-28a6-41cb-937b-adaf51dd5ca7","2025-02-27 17:55:20","a2bec9ef-28a6-41cb-937b-adaf51dd5ca7","2025-02-27 17:55:20",1
"G. Narr","a2bec9ef-28a6-41cb-937b-adaf51dd5ca7","2025-02-27 17:55:20","a2bec9ef-28a6-41cb-937b-adaf51dd5ca7","2025-02-27 17:55:20",1
"Zheng zhong shu ju","a2bec9ef-28a6-41cb-937b-adaf51dd5ca7","2025-02-27 17:55:20","a2bec9ef-28a6-41cb-937b-adaf51dd5ca7","2025-02-27 17:55:20",1
"Penguin Books, Limited","a2bec9ef-28a6-41cb-937b-adaf51dd5ca7","2025-02-27 17:55:20","a2bec9ef-28a6-41cb-937b-adaf51dd5ca7","2025-02-27 17:55:20",1
"Sheridan house","a2bec9ef-28a6-41cb-937b-adaf51dd5ca7","2025-02-27 17:55:20","a2bec9ef-28a6-41cb-937b-adaf51dd5ca7","2025-02-27 17:55:20",1
"Rōdō Junpōsha","a2bec9ef-28a6-41cb-937b-adaf51dd5ca7","2025-02-27 17:55:20","a2bec9ef-28a6-41cb-937b-adaf51dd5ca7","2025-02-27 17:55:20",1
"Ke xue chu ban she","a2bec9ef-28a6-41cb-937b-adaf51dd5ca7","2025-02-27 17:55:20","a2bec9ef-28a6-41cb-937b-adaf51dd5ca7","2025-02-27 17:55:20",1
"Ediciones Alfil","a2bec9ef-28a6-41cb-937b-adaf51dd5ca7","2025-02-27 17:55:20","a2bec9ef-28a6-41cb-937b-adaf51dd5ca7","2025-02-27 17:55:20",1
"ICON Group International, Inc.","a2bec9ef-28a6-41cb-937b-adaf51dd5ca7","2025-02-27 17:55:20","a2bec9ef-28a6-41cb-937b-adaf51dd5ca7","2025-02-27 17:55:20",1
"University of California Press.","a2bec9ef-28a6-41cb-937b-adaf51dd5ca7","2025-02-27 17:55:20","a2bec9ef-28a6-41cb-937b-adaf51dd5ca7","2025-02-27 17:55:20",1
"Elsevier","a2bec9ef-28a6-41cb-937b-adaf51dd5ca7","2025-02-27 17:55:20","a2bec9ef-28a6-41cb-937b-adaf51dd5ca7","2025-02-27 17:55:20",1
"CRC Press","a2bec9ef-28a6-41cb-937b-adaf51dd5ca7","2025-02-27 17:55:20","a2bec9ef-28a6-41cb-937b-adaf51dd5ca7","2025-02-27 17:55:20",1
"PT. Kreasi Prima Jaya","a2bec9ef-28a6-41cb-937b-adaf51dd5ca7","2025-02-27 17:55:20","a2bec9ef-28a6-41cb-937b-adaf51dd5ca7","2025-02-27 17:55:20",1
"H.M. Stationery Off.","a2bec9ef-28a6-41cb-937b-adaf51dd5ca7","2025-02-27 17:55:20","a2bec9ef-28a6-41cb-937b-adaf51dd5ca7","2025-02-27 17:55:20",1
"Clarendon Press","a2bec9ef-28a6-41cb-937b-adaf51dd5ca7","2025-02-27 17:55:20","a2bec9ef-28a6-41cb-937b-adaf51dd5ca7","2025-02-27 17:55:20",1
"Avinus Verlag","a2bec9ef-28a6-41cb-937b-adaf51dd5ca7","2025-02-27 17:55:20","a2bec9ef-28a6-41cb-937b-adaf51dd5ca7","2025-02-27 17:55:20",1
"Bonus Books","a2bec9ef-28a6-41cb-937b-adaf51dd5ca7","2025-02-27 17:55:20","a2bec9ef-28a6-41cb-937b-adaf51dd5ca7","2025-02-27 17:55:20",1
"(Chu) Hyumŏn K'ŏlch'ŏ Arirang","a2bec9ef-28a6-41cb-937b-adaf51dd5ca7","2025-02-27 17:55:20","a2bec9ef-28a6-41cb-937b-adaf51dd5ca7","2025-02-27 17:55:20",1
"Zinetkemal","a2bec9ef-28a6-41cb-937b-adaf51dd5ca7","2025-02-27 17:55:20","a2bec9ef-28a6-41cb-937b-adaf51dd5ca7","2025-02-27 17:55:20",1
"Macdonald Educational","a2bec9ef-28a6-41cb-937b-adaf51dd5ca7","2025-02-27 17:55:20","a2bec9ef-28a6-41cb-937b-adaf51dd5ca7","2025-02-27 17:55:20",1
"New Century Publishers","a2bec9ef-28a6-41cb-937b-adaf51dd5ca7","2025-02-27 17:55:20","a2bec9ef-28a6-41cb-937b-adaf51dd5ca7","2025-02-27 17:55:20",1
"PublishAmerica","a2bec9ef-28a6-41cb-937b-adaf51dd5ca7","2025-02-27 17:55:20","a2bec9ef-28a6-41cb-937b-adaf51dd5ca7","2025-02-27 17:55:20",1
"Beech Publishing House","a2bec9ef-28a6-41cb-937b-adaf51dd5ca7","2025-02-27 17:55:20","a2bec9ef-28a6-41cb-937b-adaf51dd5ca7","2025-02-27 17:55:20",1
"F. S. Crofts & co.","a2bec9ef-28a6-41cb-937b-adaf51dd5ca7","2025-02-27 17:55:20","a2bec9ef-28a6-41cb-937b-adaf51dd5ca7","2025-02-27 17:55:20",1
"Adventure House","a2bec9ef-28a6-41cb-937b-adaf51dd5ca7","2025-02-27 17:55:20","a2bec9ef-28a6-41cb-937b-adaf51dd5ca7","2025-02-27 17:55:20",1
"Dorrance Publishing Co.","a2bec9ef-28a6-41cb-937b-adaf51dd5ca7","2025-02-27 17:55:20","a2bec9ef-28a6-41cb-937b-adaf51dd5ca7","2025-02-27 17:55:20",1
"Beltz","a2bec9ef-28a6-41cb-937b-adaf51dd5ca7","2025-02-27 17:55:20","a2bec9ef-28a6-41cb-937b-adaf51dd5ca7","2025-02-27 17:55:20",1
"J. Murray","a2bec9ef-28a6-41cb-937b-adaf51dd5ca7","2025-02-27 17:55:20","a2bec9ef-28a6-41cb-937b-adaf51dd5ca7","2025-02-27 17:55:20",1
"Carlyle Communications","a2bec9ef-28a6-41cb-937b-adaf51dd5ca7","2025-02-27 17:55:20","a2bec9ef-28a6-41cb-937b-adaf51dd5ca7","2025-02-27 17:55:20",1
"Bei Georg Joachim G©œschen","a2bec9ef-28a6-41cb-937b-adaf51dd5ca7","2025-02-27 17:55:20","a2bec9ef-28a6-41cb-937b-adaf51dd5ca7","2025-02-27 17:55:20",1
"Geleos","a2bec9ef-28a6-41cb-937b-adaf51dd5ca7","2025-02-27 17:55:20","a2bec9ef-28a6-41cb-937b-adaf51dd5ca7","2025-02-27 17:55:20",1
"Kyōto Furitsu Yamashiro Kyōdo Shiryōkan","a2bec9ef-28a6-41cb-937b-adaf51dd5ca7","2025-02-27 17:55:20","a2bec9ef-28a6-41cb-937b-adaf51dd5ca7","2025-02-27 17:55:20",1
"Playmore, Inc.","a2bec9ef-28a6-41cb-937b-adaf51dd5ca7","2025-02-27 17:55:20","a2bec9ef-28a6-41cb-937b-adaf51dd5ca7","2025-02-27 17:55:20",1
"California State Printing Office, G.H. Moore, state printer","a2bec9ef-28a6-41cb-937b-adaf51dd5ca7","2025-02-27 17:55:20","a2bec9ef-28a6-41cb-937b-adaf51dd5ca7","2025-02-27 17:55:20",1
"Macmillan","a2bec9ef-28a6-41cb-937b-adaf51dd5ca7","2025-02-27 17:55:20","a2bec9ef-28a6-41cb-937b-adaf51dd5ca7","2025-02-27 17:55:20",1
"Koral Yayınları","a2bec9ef-28a6-41cb-937b-adaf51dd5ca7","2025-02-27 17:55:20","a2bec9ef-28a6-41cb-937b-adaf51dd5ca7","2025-02-27 17:55:20",1
"Lark Productions","a2bec9ef-28a6-41cb-937b-adaf51dd5ca7","2025-02-27 17:55:20","a2bec9ef-28a6-41cb-937b-adaf51dd5ca7","2025-02-27 17:55:20",1
"Bertz + Fischer","a2bec9ef-28a6-41cb-937b-adaf51dd5ca7","2025-02-27 17:55:20","a2bec9ef-28a6-41cb-937b-adaf51dd5ca7","2025-02-27 17:55:20",1
"Gos. Muzykalnoe izd--vo","a2bec9ef-28a6-41cb-937b-adaf51dd5ca7","2025-02-27 17:55:20","a2bec9ef-28a6-41cb-937b-adaf51dd5ca7","2025-02-27 17:55:20",1
"Octagon Books","a2bec9ef-28a6-41cb-937b-adaf51dd5ca7","2025-02-27 17:55:20","a2bec9ef-28a6-41cb-937b-adaf51dd5ca7","2025-02-27 17:55:20",1
"Gouvernement du Québec, Ministère de la santé et des services sociaux","a2bec9ef-28a6-41cb-937b-adaf51dd5ca7","2025-02-27 17:55:20","a2bec9ef-28a6-41cb-937b-adaf51dd5ca7","2025-02-27 17:55:20",1
"Leidykla 'Mintis'","a2bec9ef-28a6-41cb-937b-adaf51dd5ca7","2025-02-27 17:55:20","a2bec9ef-28a6-41cb-937b-adaf51dd5ca7","2025-02-27 17:55:20",1
"Dublin","a2bec9ef-28a6-41cb-937b-adaf51dd5ca7","2025-02-27 17:55:20","a2bec9ef-28a6-41cb-937b-adaf51dd5ca7","2025-02-27 17:55:20",1
"Hodder and Stoughton","a2bec9ef-28a6-41cb-937b-adaf51dd5ca7","2025-02-27 17:55:20","a2bec9ef-28a6-41cb-937b-adaf51dd5ca7","2025-02-27 17:55:20",1
"[Artas graficas helenica]","a2bec9ef-28a6-41cb-937b-adaf51dd5ca7","2025-02-27 17:55:20","a2bec9ef-28a6-41cb-937b-adaf51dd5ca7","2025-02-27 17:55:20",1
"Universit atsverlag Freiburg/Schweiz","a2bec9ef-28a6-41cb-937b-adaf51dd5ca7","2025-02-27 17:55:20","a2bec9ef-28a6-41cb-937b-adaf51dd5ca7","2025-02-27 17:55:20",1
"Silver Burdett","a2bec9ef-28a6-41cb-937b-adaf51dd5ca7","2025-02-27 17:55:20","a2bec9ef-28a6-41cb-937b-adaf51dd5ca7","2025-02-27 17:55:20",1
"GRIN Verlag GmbH","a2bec9ef-28a6-41cb-937b-adaf51dd5ca7","2025-02-27 17:55:20","a2bec9ef-28a6-41cb-937b-adaf51dd5ca7","2025-02-27 17:55:20",1
"Gender, Biodiversity and Local Knowledge Systems to Strengthen Agricultural and Rural Development (GCP/RAF/338/NOR)","a2bec9ef-28a6-41cb-937b-adaf51dd5ca7","2025-02-27 17:55:20","a2bec9ef-28a6-41cb-937b-adaf51dd5ca7","2025-02-27 17:55:20",1
"Nautical Pub. Co.","a2bec9ef-28a6-41cb-937b-adaf51dd5ca7","2025-02-27 17:55:20","a2bec9ef-28a6-41cb-937b-adaf51dd5ca7","2025-02-27 17:55:20",1
"United P.C. Verlag","a2bec9ef-28a6-41cb-937b-adaf51dd5ca7","2025-02-27 17:55:20","a2bec9ef-28a6-41cb-937b-adaf51dd5ca7","2025-02-27 17:55:20",1
"The Museum","a2bec9ef-28a6-41cb-937b-adaf51dd5ca7","2025-02-27 17:55:20","a2bec9ef-28a6-41cb-937b-adaf51dd5ca7","2025-02-27 17:55:20",1
"American Academy of Estate Planning Attorneys","a2bec9ef-28a6-41cb-937b-adaf51dd5ca7","2025-02-27 17:55:20","a2bec9ef-28a6-41cb-937b-adaf51dd5ca7","2025-02-27 17:55:20",1
"Vivid Publishing","a2bec9ef-28a6-41cb-937b-adaf51dd5ca7","2025-02-27 17:55:20","a2bec9ef-28a6-41cb-937b-adaf51dd5ca7","2025-02-27 17:55:20",1
"Dada Bhagwan Aradhana Trust","a2bec9ef-28a6-41cb-937b-adaf51dd5ca7","2025-02-27 17:55:20","a2bec9ef-28a6-41cb-937b-adaf51dd5ca7","2025-02-27 17:55:20",1
"Tartu Ülikooli Kirjastus","a2bec9ef-28a6-41cb-937b-adaf51dd5ca7","2025-02-27 17:55:20","a2bec9ef-28a6-41cb-937b-adaf51dd5ca7","2025-02-27 17:55:20",1
"Cass","a2bec9ef-28a6-41cb-937b-adaf51dd5ca7","2025-02-27 17:55:20","a2bec9ef-28a6-41cb-937b-adaf51dd5ca7","2025-02-27 17:55:20",1
"Bonsignori","a2bec9ef-28a6-41cb-937b-adaf51dd5ca7","2025-02-27 17:55:20","a2bec9ef-28a6-41cb-937b-adaf51dd5ca7","2025-02-27 17:55:20",1
"Herder","a2bec9ef-28a6-41cb-937b-adaf51dd5ca7","2025-02-27 17:55:20","a2bec9ef-28a6-41cb-937b-adaf51dd5ca7","2025-02-27 17:55:20",1
"H.M.S.O.","a2bec9ef-28a6-41cb-937b-adaf51dd5ca7","2025-02-27 17:55:20","a2bec9ef-28a6-41cb-937b-adaf51dd5ca7","2025-02-27 17:55:20",1
"Dong li chu ban she you xian gong si","a2bec9ef-28a6-41cb-937b-adaf51dd5ca7","2025-02-27 17:55:20","a2bec9ef-28a6-41cb-937b-adaf51dd5ca7","2025-02-27 17:55:20",1
"Sterling Publishing Company","a2bec9ef-28a6-41cb-937b-adaf51dd5ca7","2025-02-27 17:55:20","a2bec9ef-28a6-41cb-937b-adaf51dd5ca7","2025-02-27 17:55:20",1
"Risōsha","a2bec9ef-28a6-41cb-937b-adaf51dd5ca7","2025-02-27 17:55:20","a2bec9ef-28a6-41cb-937b-adaf51dd5ca7","2025-02-27 17:55:20",1
"Brooks/Cole","a2bec9ef-28a6-41cb-937b-adaf51dd5ca7","2025-02-27 17:55:20","a2bec9ef-28a6-41cb-937b-adaf51dd5ca7","2025-02-27 17:55:20",1
"Macdonald","a2bec9ef-28a6-41cb-937b-adaf51dd5ca7","2025-02-27 17:55:20","a2bec9ef-28a6-41cb-937b-adaf51dd5ca7","2025-02-27 17:55:20",1
"Zhongguo fa zhi chu ban she","a2bec9ef-28a6-41cb-937b-adaf51dd5ca7","2025-02-27 17:55:20","a2bec9ef-28a6-41cb-937b-adaf51dd5ca7","2025-02-27 17:55:20",1
"Kessinger Publishing, LLC","a2bec9ef-28a6-41cb-937b-adaf51dd5ca7","2025-02-27 17:55:20","a2bec9ef-28a6-41cb-937b-adaf51dd5ca7","2025-02-27 17:55:20",1
"VPSh i AON","a2bec9ef-28a6-41cb-937b-adaf51dd5ca7","2025-02-27 17:55:20","a2bec9ef-28a6-41cb-937b-adaf51dd5ca7","2025-02-27 17:55:20",1
"Adnkronos libri","a2bec9ef-28a6-41cb-937b-adaf51dd5ca7","2025-02-27 17:55:20","a2bec9ef-28a6-41cb-937b-adaf51dd5ca7","2025-02-27 17:55:20",1
"Elsevier - Health Sciences Division","a2bec9ef-28a6-41cb-937b-adaf51dd5ca7","2025-02-27 17:55:20","a2bec9ef-28a6-41cb-937b-adaf51dd5ca7","2025-02-27 17:55:20",1
"Association for Computing Machinery","a2bec9ef-28a6-41cb-937b-adaf51dd5ca7","2025-02-27 17:55:20","a2bec9ef-28a6-41cb-937b-adaf51dd5ca7","2025-02-27 17:55:20",1
"A & C Black Publishers Ltd","a2bec9ef-28a6-41cb-937b-adaf51dd5ca7","2025-02-27 17:55:20","a2bec9ef-28a6-41cb-937b-adaf51dd5ca7","2025-02-27 17:55:20",1
"Oxford University Press","a2bec9ef-28a6-41cb-937b-adaf51dd5ca7","2025-02-27 17:55:20","a2bec9ef-28a6-41cb-937b-adaf51dd5ca7","2025-02-27 17:55:20",1
"Armi͡a︡nskoe gos. izd-vo","a2bec9ef-28a6-41cb-937b-adaf51dd5ca7","2025-02-27 17:55:20","a2bec9ef-28a6-41cb-937b-adaf51dd5ca7","2025-02-27 17:55:20",1
"Adler & Adler","a2bec9ef-28a6-41cb-937b-adaf51dd5ca7","2025-02-27 17:55:20","a2bec9ef-28a6-41cb-937b-adaf51dd5ca7","2025-02-27 17:55:20",1
"HarperCollins Publishers Limited","a2bec9ef-28a6-41cb-937b-adaf51dd5ca7","2025-02-27 17:55:20","a2bec9ef-28a6-41cb-937b-adaf51dd5ca7","2025-02-27 17:55:20",1
"SOZIALDEMOKRATISCHE PARTEI DER SCHWEIZ","a2bec9ef-28a6-41cb-937b-adaf51dd5ca7","2025-02-27 17:55:20","a2bec9ef-28a6-41cb-937b-adaf51dd5ca7","2025-02-27 17:55:20",1
"Academic Press","a2bec9ef-28a6-41cb-937b-adaf51dd5ca7","2025-02-27 17:55:20","a2bec9ef-28a6-41cb-937b-adaf51dd5ca7","2025-02-27 17:55:20",1
"Bouvier","a2bec9ef-28a6-41cb-937b-adaf51dd5ca7","2025-02-27 17:55:20","a2bec9ef-28a6-41cb-937b-adaf51dd5ca7","2025-02-27 17:55:20",1
