subject_name,last_created_by,last_created_at,last_modified_by,last_modified_at
IT
DevOps
Project Management
Information Technology
Planning
Management
Knowledge management
Security measures
Fiction
Fiction, general
Business
Computers
Technologie de l'information
Romans, nouvelles
Gestion
Planification
Sécurité
Mesures
Gestion des connaissances
Business and economics
Dreams
Fiction in English
Science fiction
Dystopian fiction
Nature
Psychotherapist and patient
Social change
Effect of human beings on
Dreams -- Fiction
Fiction, science fiction, general
American literature
Discworld (Imaginary place)
Romans
Merveilleux
Fantasy
Samuel Vimes (Fictitious character)
Rincewind
Twoflower (fictional characters)
parody
humour
Dollhouses
Doll furniture
Miniature objects
Collectors and collecting
Miniature dolls
Fiction, humorous
Fiction, fantasy, general
Discworld (imaginary place), fiction
Fiction, humorous, general
Rincewind the wizard (fictitious character), fiction
Fiction, satire
Geographical myths
Dollhouses -- Collectors and collecting
Miniature dolls -- Collectors and collecting
Doll furniture -- Collectors and collecting
Miniature objects -- Collectors and collecting
English literature
Protected DAISY
Accessible book
Future in literature
Hugo Award Winner
Nebula award winner
Rama (Imaginary space vehicle)
award:hugo_award=1974
award:hugo_award=novel
Interplanetary voyages
Reading Level-Grade 9
Reading Level-Grade 11
Reading Level-Grade 10
Reading Level-Grade 12
Large type books
award:nebula_award=novel
Children's fiction
Friendship, fiction
Love, fiction
Interpersonal relations, fiction
Seashore, fiction
Vacations, fiction
Summer, fiction
Androids
Rick Deckard (Fictitious character)
Science Fiction
Twenty-first century
open_syllabus_project
Bounty hunters
Movie-TV Tie-In
Movies
Motion Pictures
Films
Novelization
American Science fiction
PRO Adams, Mark B. (donor) (Adams Collection copy)
CHR 1982
Long Now Manual for Civilization
Media Tie-In
Adventure
Science Fiction & Fantasy
Control systems
Artificial life
Robots
Robotic pets
Deckard, Rick (Fictitious character) -- Fiction
Androids -- Fiction
Deckard, Rick (Fictitious character)
Androidy
Istoty pozaziemskie
San Francisco (Stany Zjednoczone)
San Francisco (Stany Zjednoczone, stan Kalifornia)
Literary collections
New York Times Bestseller
Epic Fantasy
Imaginary places
Kings and rulers
Magic
Imaginary wars and battles
Manuscripts
Slavery
Fiction, fantasy, epic
high fantasy
nyt:hardcover-fiction=2010-09-19
Investing
value investing
stock market
finance
personal finance
business
security analysis
Graham's number
security selection
margin of safety
Mr. Market
New York Times bestseller
nyt:mass_market_paperback=2011-08-20
Seven Kingdoms (Imaginary place)
Fantasy fiction
Reading Level-Grade 7
Reading Level-Grade 8
Seven kingdoms (imaginary place), fiction
Knights and knighthood
Epic
Action & Adventure
Alchemy
Incest
Murderers
Fiction, science fiction, action & adventure
Proscritos
Paz
Peace
Outlaws
Guerras imaginarias
Ficción
Magico
Good and evil
Monarchy
Winter
Polish language materials
Materiał w Języku Polskiem
Kings & queens
Imaginary wars and battles -- Fiction
Peace -- Fiction
Outlaws -- Fiction
Magic -- Fiction
Imaginary places -- Fiction
Nonverbal communication
Interpersonal skills
Social psychology
Persuasion
Charisma
Influencing people
Reading people
Spanish language books
Children's Books/Baby-Preschool
Readers
Pigeons
Spanish language
Spanish language -- Juvenile fiction
Bus drivers
Juvenile fiction
Humorous stories
Birds, fiction
Picture books
Spanish language materials
Pigeons, fiction
Bus drivers, fiction
Humor
Frustration
Wunsch
Omnibusfahrer
Complaints (Rhetoric)
Tauben
Juvenile Wit and humor
Pleading
Reader
Persuasion (Rhetoric)
Trucks
Beginner
Buses
Begging
Bribery
Anger
Ouvrages illustrés
Conducteurs d'autobus
Disappointment
Ficción juvenil
Palomas
Conductores de autobús
Children's stories, American
Specimens
Temper tantrums
collectionID:caldecotthonor00
Extraterrestrial beings
LGBTQ science fiction & fantasy
Space warfare
Romance
LGBT
Space Opera
orphans
foster homes
romans
magie
adolescence
Quill Award winner
Scottish Children’s Book Award winner
British Book of the Year Award winner
Schools
Witches
Wizards
nyt:series_books=2006-07-15
nyt:series_books=2006-09-16
Romans, nouvelles, etc. pour la jeunesse
Sorciers
Roman fantastique
Hogwarts School of Witchcraft and Wizardry (Imaginary place)
Harry Potter (Fictitious character)
Hogwarts School of Witchcraft and Wizardry (Imaginary organization)
Magos
Magia
Escuelas
Novela fantástica
England
School stories
Family
Harry Potter (Fictional character)
Orphans & Foster Homes
Social Themes
Fantasy & Magic
Friendship
England, fiction
Magic, fiction
Schools, fiction
Potter, harry (fictitious character), fiction
Wizards, fiction
Hogwarts school of witchcraft and wizardry (imaginary organization), fiction
Bengali Detective and mystery stories
Hermione Granger (Fictitious character)
Ron Weasley (Fictitious character)
Fantasiewelt
Phantastische Literatur
Englisch
Magic - Fiction
Warlocks
Potter, Harry (Personnage fictif)
Magiciens
Écoles
Poudlard (Organisation imaginaire)
Family & Relationships
Biography & Autobiography
Entertainment & Performing Arts
Biography & Autobiography / Personal Memoirs
Dysfunctional families
TELEVISION ACTORS AND ACTRESSES
Adult child abuse victims' writings, American
Anorexia nervosa patients' writings, American
autobiographies
biographies
child actors
Health & Fitness
Mothers
Mothers and daughters
Death
Singers
Romance fiction
Gay men
Adventure and adventurers
Hispanic Americans
Gays
Love
Death, fiction
Adventure and adventurers, fiction
Hispanic americans, fiction
New york (n.y.), fiction
Homosexuality, fiction
LGBTQ young adult
Solitude
Fiction, coming of age
Fiction, mystery & detective, historical
North carolina, fiction
nyt:hardcover-fiction=2018-09-23
Abandoned children
Man-woman relationships
Investigation
Young women
Murder
nyt:combined-print-and-e-book-fiction=2018-09-30
nyt:trade-fiction-paperback=2021-04-18
Women hermits
FICTION / Literary
FICTION / Coming of Age
FICTION / Contemporary Women
Coming of age
collectionid:nyt2020s
British and irish drama (dramatic works by one author)
English life
etiquette
love
manners
marriage
play
Youth, fiction
Drama
Foundlings
Identity (Psychology)
Classic Literature
Comedias
English drama
English drama (Comedy)
Expósitos
Identidad (Psicología)
Inglés
Libros de lectura
Social life and customs
Teatro
Comedy
British and irish fiction (fictional works by one author)
History and criticism
Literature
Movie novels
Social norms
Aristocracy (Social class)
Unterrichtseinheit
Dictionaries
English language
Spanish
Manners and customs
French
Mistaken identity
Drama (dramatic works by one author)
Comics & graphic novels, literary
Courtship
New business enterprises
Organizational effectiveness
Consumers' preferences
nyt:hardcover_business_books=2012-02-25
Consumer behavior
Entrepreneurship
Mice
Ratas
Ratones
Rats
Newbery medal book
General
Children's 4-8
Children's Books/Ages 4-8 Fiction
Children's stories, Spanish
Translations from English
Translations into Spanish
Spanish: Grades 4-7
5.9.
Accelerated Reader
Newbery Medal
Animal experimentation
Animal intelligence
Mice, fiction
Rats, fiction
Children's stories
farmhouse
experimental studies
friendship
Spanish: Grades 3-4
award:Newbery_award
lexile:790
lexile_range:701-800
Psychohistory
Life on other planets
Prophecies
Abenteuer
Science-Fiction-Literatur
Weltraum
Prophecy
Fiction & Literature
Blacks
social life and customs
songs and music
Lesbian fiction
Epistolary fiction
African American women
Sisters
Adult child sexual abuse victims
Abused wives
Domestic fiction
National Book Award Winner
award:national_book_award=1983
award:national_book_award=fiction
American fiction
African American authors
Social conditions
Language readers
Books that Shaped Work in America
Fictional Works Publication Type
African Continental Ancestry Group
Noires américaines
1000blackgirlbooks
American fiction (fictional works by one author)
Southern states, fiction
Sisters, fiction
African americans, fiction
Fiction, family life
Fiction, african american, general
Noires
Historical fiction
LGBTQ novels
Fiction, african american & black, general
New York Times reviewed
Fiction, family life, general
Vrouwenemancipatie
Racisme
Romans en novellen ; vertaald
Spanish fiction
Spanish imprints
Roman espagnol
Imprimés espagnols
Lesbians
Fairy Schools
Identity (Psychology) in children
Good and evil, fiction
Handbooks, manuals
Juvenile literature
Characters
American Fantasy fiction
Characters and characteristics
nyt:childrens-middle-grade=2013-06-02
Literature and fiction, fantasy
The Lord of the Rings
English Fantasy fiction
Ficción fantástica inglesa
Open Library Staff Picks
Middle Earth (Imaginary place)
Middle earth (imaginary place), fiction
Baggins, frodo (fictitious character), fiction
Gandalf (fictitious character), fiction
Frodo Baggins (Fictitious character)
Baggins, bilbo (fictitious character), fiction
Fiction, media tie-in
Gift books
Quests (Expeditions)
Terre du Milieu (Lieu imaginaire)
Quête
Lord of the rings (Tolkien, J.R.R.)
Филологические науки. Художественная литература -- Великобритания -- Английская литература -- с 1945 г. -- Произведения художественной литературы -- Художественная проза -- Романы. Повести. Рассказы -- Фантастические и мистические романы, повести, рассказы. Романы ужасов
Baggins, frodo
Middle earth (imaginary place)--fiction
Fantasy fiction, english
Pr6039.o32 l6 2005
823/.912
Hobbits (Fictitious characters)
Hobbits (Personnages fictifs)
Littérature américaine
Science-fiction américaine
Science-fiction
Beaches
Interpersonal relations
Summer
Vacation homes
Teenage girls
Teenage boy/girl
Realistic fiction
Sixteen-year-old girls
Bildungsromans
Fiction, war & military
Fiction, action & adventure
Rois et souverains
Guerres et batailles imaginaires
FICTION / Fantasy / Epic
FICTION / Action & Adventure
FICTION / Fantasy / Historical
FICTION / War & Military
Adventure fiction
Voyages and travels -- Fiction
Guerres et batailles imaginaires -- Romans, nouvelles, etc
Voyages -- Romans, nouvelles, etc
Voyages and travels
Trojan War
Achilles (Greek mythology)
Male friendship
Gay love
Thetis
Greeks
History
Trojan War. fast (OCoLC)fst01157294
Fiction, historical
LGBTQ historical fiction
Stonewall Book Awards
nyt:trade-fiction-paperback=2020-08-30
Fiction, historical, general
Amitié masculine
Guerre de Troie
Gay fiction
Business ethics
Personal Finance
Moral and ethical aspects
Wealth
Finance, Personal
Wealth, moral and ethical aspects
Financial Management
Morale des affaires
Richesse
Aspect moral
20th century literature
Christianity
masculinity
British colonialism
LANGUAGE & LITERARY STUDIES
CONTEMPORARY FICTION
literature
Race relations
Men
British
African fiction
Nigerian fiction
colonization
historical fiction
Hombres
Missionaries
Novela histórica
Readers (Adult)
Relaciones raciales
Tribes
African literature
audiobooks
Igbo (African people)
Classics
Juvenile Fiction
Children: Young Adult (Gr. 10-12)
Skönlitteratur
Briten
Missionärer
Igbo (folk)
FICTION / Political
Kolonialismus
Fiction (fictional works by one author)
Nigeria, fiction
Hommes
Relations raciales
Britanniques
Criticism and interpretation
Readers (Secondary)
Wrestlers
Igbo (african people)--fiction
Wrestlers--nigeria--fiction
823
Literary
Political
Cultural heritage
Historical
English & college success -> english -> fiction
comic science fiction
Vogons
Humorous fiction
Imaginary voyages
wit and humour
Interstellar travel
Ford Prefect (Fictitious character)
Arthur Dent (Fictitious character)
Viajes interplanetarios
Radio plays
Dent, arthur (fictitious character), fiction
Prefect, ford (fictitious character), fiction
Christian life
Indians of North America
New age movement
Humorous
Action & adventure
Space opera
English & college success -> english -> humor
Intuition
Thought and thinking
Reasoning
Decision making
Thinking
Kognition
77.32 intelligence, creativity
Reason
Cognition
Self-actualization (Psychology)
Cognitive psychology
Psychology
Schlussfolgern
Entscheidungsfindung
Priming
Spiegel-Bestseller
Verhaltensökonomie
Zwei Systeme
2970: Taschenbuch / Sachbücher/Politik, Gesellschaft, Wirtschaft
Bf441 .k238 2011
2012 a-186
Bf 441
Bf 441 k12 2011
153.4/2
Nyt:hardcover_business_books=2012-02-25
Tankande
Beslutsfattande
Besliskunde
Resonerande
Psykologiska aspekter
Emotions and cognition
Tänkande
Country life
Orphans
Friendship in fiction
Prince Edward Island in fiction
Orphans in fiction
Country life in fiction
Foster home care
Girls
Anne Shirley (Fictitious character)
Shirley, anne (fictitious character), fiction
Country life, fiction
Prince edward island, fiction
Orphans, fiction
Teachers
Zhang pian xiao shuo
Er tong wen xue
Islands
Suo xie
Chang pian xiao shuo
Er tong xiao shuo
Orphans -- Juvenile fiction
Friendship -- Juvenile fiction
Islands -- Juvenile fiction
Country life -- Prince Edward Island -- Juvenile fiction
Prince Edward Island -- History -- 20th century -- Juvenile fiction
Canada -- History -- 1867-1914 -- Juvenile fiction
Canada
Prince Edward Island
Canadian Fiction
Self-perception
Imagination
Shirley, Anne (Personnage fictif)
Orphelines
Perception de soi
Amitié
Vie rurale
Livres en gros caractères
Large print books
Enseignants
Canada, fiction
Islands, fiction
Adoption, fiction
French language materials
Canada, history, fiction
Language arts
Education
Biography
Suo xie ben
Paper work
Comics & graphic novels, general
Young Adult Fiction
Cancer—Fiction
Terminally ill—Fiction
Love—Fiction
Cancer
Terminally ill
Cancer, fiction
Cancer in adolescence
Terminally ill children
Conduct of life
Sick
Physicians
Youth
Cancéreux
Enfants malades en phase terminale
Histoires d'amour
Roman pour la jeunesse
Chez l'enfant
Self-help groups
Relaciones humanas
Cancer in children
Niños moribundos
Niños
Cáncer
Relaciones hombre-mujer
Patients
Cancer chez l'adolescent
Malades en phase terminale
Amour
Jeunes femmes
Morale pratique
Médecins
Jeunesse
Mort
Love stories
Juvenile works
Osteosarcoma
Eye cancer
Nyt:chapter_books=2012-01-07
New york times bestseller
Enfermos terminales
Ficcion juvenil
Adolescent
Self-esteem & self-reliance
Neoplasms
Social themes
Amerikanisches englisch
Friends
Death & dying
Sick young adult fiction
Interpersonal relations--young adult fiction
Cancer--young adult fiction
Thyroid neoplasms
Fictional works
Attitude to death
17.91 literature from and for special groups
18.06 anglo-american literature
Anxiety disorders
Young adult fiction
Obsessive-compulsive disorder
Missing persons
nyt:young-adult-hardcover=2017-10-29
Missing persons, fiction
Mental illness, fiction
YOUNG ADULT FICTION / Coming of Age
Mental illness
YOUNG ADULT FICTION / Social Themes / Mental Illness
YOUNG ADULT FICTION / Social Themes / Friendship
nyt:young-adult-paperback-monthly=2019-10-13
Teenage girls -- Juvenile fiction
Obsessive-compulsive disorder -- Juvenile fiction
Anxiety disorders -- Juvenile fiction
Missing persons -- Juvenile fiction
Obsessive-compulsive disorder -- Fiction
Friendship -- Fiction
Missing persons -- Fiction
YOUNG ADULT FICTION -- Coming of Age
YOUNG ADULT FICTION -- Social Themes -- Friendship
YOUNG ADULT FICTION -- Social Themes -- Mental Illness
Young adult works
Teenage girls -- Fiction
Mental illness -- Fiction
Mental illness -- Juvenile fiction
Anxiety disorders -- Fiction
Adolescentes -- Romans, nouvelles, etc. pour la jeunesse
Personnes disparues -- Romans, nouvelles, etc. pour la jeunesse
Amitié -- Romans, nouvelles, etc. pour la jeunesse
Maladies mentales -- Romans, nouvelles, etc. pour la jeunesse
Névroses obsessionnelles -- Romans, nouvelles, etc
Troubles anxieux -- Romans, nouvelles, etc
Roman pour jeunes adultes
Amistad -- Novela juvenil
Muchachas adolescentes -- Novela juvenil
Personas desaparecidas -- Novela juvenil
Transtorno obsesiveo compulsivo -- Novela juvenil
Materiales en español
Enfermedad mental -- Ficción juvenil
Indianapolis (Ind.) -- Fiction
Indiana -- Indianapolis
Human-alien encounters
Chinese Science fiction
Survival
Hard Science Fiction
Alien Contact
Children's literature
Graphic novel
Diary fiction
Vacation
Camping
Disasters
Family bonding
Middle grade fiction
Historians
Historiadores
Ciencia-ficción
Profecía
institutionalization
dementia
phenylketonuria
Brain
Surgery
People with mental disabilities
Gifted persons
Retrasados mentales
Niños superdotados
Cerebro
Cirugía
Psychological fiction
Personas dotadas
Nebula Award
Novela
People with mental disabilities, fiction
Mentally handicapped
Personnes ayant une déficience intellectuelle
Surdoués
Cerveau
Chirurgie
Grifted peoples
Italy
Teenage boys
Authors
Gay teenagers
Boys and men
cmbyn
northern Italy
gay
teen romance
Lambda Literary Awards
Lambda Literary Award Winner
nyt:trade-fiction-paperback=2018-01-21
Gay men, fiction
Fiction, romance, contemporary
Fiction, gay
Italy, fiction
Authors, fiction
Fear
Garcons adolescents
Adolescents homosexuel
Fiction, lgbtq+, gay
Romantic fiction
rom-com
romance
College Life
Women authors
women in STEM
Hera (Greek deity)
Gaia (Greek deity)
Roman Roman mythology
Amnesiacs
Greek Mythology
Gaea (Greek deity)
Roman Mythology
nyt:chapter_books=2011-10-01
Thanatos (Greek deity)
Camps
Monsters
Percy Jackson (Fictitious character)
Reading Level-Grade 5
Reading Level-Grade 4
Reading Level-Grade 6
Camps, fiction
Monsters, fiction
Mitología clásica
Dioses griegos
Mitología griega
Monstruos
Campamentos
Profecías
Vida familiar
Family life
Historias de amor
Ficció histórica
Novels
Translations into English
Colombian fiction
Cuentos del amor
Reading Group Guide
Novela española
Romance-language fiction
Amor no correspondido
Man-woman relationships, fiction
Cortejo amoroso
Unrequited love
Translations into Russian
Latin American fiction
First loves
Spanish-American literature
Spanish literature
Translations from Spanish
Oprah's Reading Book Club selection
Nouvelles
Colombia, fiction
Romance literature
Materiales en español
Reading materials
Stone, hazel (fictitious character), fiction
award:hugo_award=1967
Penal colonies
Revolutions
Artificial intelligence
Neurology -
Anecdotes
Neurology
Nervous system
Mental Disorders
Psychology, pathological
Emoties
Neurologie
Cognitie
Synesthesie
Psychoanalysis
Pathological Psychology
nyt:science=2015-10-11
Neurologische aspecten
Neurologische aandoeningen
Casussen
Neuropsychiatrie
Personnes atteintes de lésions cérébrales
Malades mentaux
Études de cas
Encéphalopathies
Manifestations neurologiques
Cas, Études de
Bizarrerie
Étude de cas
Fantasme
Maladie mentale
Mentally ill
Case studies
Mentally Ill Persons
Personnes vivant avec un trouble de santé mentale
Troubles psychotiques
Science
Neuropsychology
Humans
Popular Works
Greek mythology in fiction
Mythical animals in fiction
Labyrinths in fiction
Monsters in fiction
Labyrinths
Titans (Mythology)
Mythical Animals
Camps in fiction
Gods, fiction
School Library Journal Best Book of the Year (2005)
Fathers and sons
Teenagers
Attention-deficit hyperactivity disorder
Dyslexics
Single mothers
Satyrs (Greek mythology)
Animals, mythical, fiction
Greek Gods
Percy Jackson (fictional character)
children's books
thieves
adventure
quests
Mythology
boarding school
Mythology-juvenile fiction, boarding school, quests, thieves, adventure, monsters
Mythologie grecque
Labyrinthes
Colonies de vacances
Monstres
Animaux fabuleux
Titans (Mythologie)
Griekse oudheid
Jeugdboeken ; verhalen
Laberintos
Animales fabulosos
Brothers and sisters
Brothers and sisters, fiction
juvenile fiction
Brothers and sisters -- Juvenile fiction
Violet Baudelaire (Fictional character)
Récits humoristiques anglais
Sunny Baudelaire (Fictional character)
Siblings
English Humorous stories
Klaus Baudelaire (Fictional character)
Violet Baudelaire (Fictitious character)
Klaus Baudelaire (Fictitious character)
Sunny Baudelaire (Fictitious character)
Family, fiction
Foster home care, fiction
Novela juvenil
Hermanos e hermanas
Huerfanos
Hermanos
Cuentos humorísticos
Huérfanos
College students
Teacher-student relationships
Classicists
Detective and mystery stories
Fiction, psychological
College teachers, fiction
Vermont, fiction
Richard Papen (Fictitious character)
College stories
nyt:trade-fiction-paperback=2013-12-01
Estudiantes universitarios
Asesinato
Étudiants
Spécialistes de lettres classiques
Meurtriers
Roman policier
Relations maitres-eleves
Meurtre
Etudiants
Young Adult
JUVENILE FICTION / Love & Romance
Secrets
Secrecy
JUVENILE FICTION / Social Issues / Friendship
Friendship in adolescence
High schools
Extortion
JUVENILE FICTION / Social Issues / Homosexuality
Pen pals
Social Issues
Library list
Highland Park High School
Love & Romance
Coming out (Sexual orientation)
Reading list
2016 Summer
Homosexuality
Young adult fiction, romance, lgbtq+
Young adult fiction, social themes, friendship
Young adult fiction, lgbtq+
Automobile travel
Families
Diaries
Comics & Graphic Novels
Vacations
JUVENILE FICTION
Children's & Teenage Fiction
Age level unknown
Automobile travel, fiction
Family life, fiction
Diaries, fiction
JUVENILE FICTION / Humorous Stories
JUVENILE FICTION / Comics & Graphic Novels / General
Diary Of A Wimpy Kid Book 09 Long Haul
Travel
Portuguese language materials
Voyages en automobile
Familles
Journaux intimes
detective fiction
mystery
murder
investigation
victim
Private investigators
Mystery & Detective fiction
crime fiction
Unreliable Narrator
Belgians
Investigadores privados
Novela policíaca
Fiction, mystery & detective, traditional
Poirot, hercule (fictitious character), fiction
Private investigators, fiction
Fiction, mystery & detective, general
Hercule Poirot (Fictitious character)
Comic books, strips
Graphic novels
Detective and mystery comic books, strips
Enquêtes
Détectives
Poirot, Hercule (Personaje literaria)
Detectives privados
Private investigators -- England -- Fiction
Detective and mystery stories, English
Belgians -- England -- Fiction
Poirot, Hercule (Fictitious character) -- Fiction
English Detective and mystery stories
Fiction, mystery & detective, cozy, general
Fiction, mystery & detective, private investigators
Tradition (Theology)
Development of Dogma
Church polity
bible
aversion therapy
unintended consequences
Beethoven's Fifth Symphony
gang rape
psychiatric hospitals
maturity
metanoia
assault
joyriding
rape
metafiction
orgasm
novella
antisocial personality disorder
classical music
black comedy
argot
Nadsat
dystopias
satire
Juvenile delinquents
Rehabilitation
Criminals
Sátira
Muchachos adolescentes
Criminales
English Authors
Violence
Slang language
Gangs
Behavior modification
Juvenile delinquency
Brainwashing
Fiction, dystopian
Kubrick, stanley, 1928-1999
Burgess, anthony, 1917-1993
Clockwork orange (Motion picture)
Romance Ingles
Juvenile delinquents in fiction
Adventure stories
Roman d'aventures
Délinquance juvénile
Jeunes délinquants
Réhabilitation
English Satire
Novela de misterio
Monasticismo y vida religiosa
Novela didáctica
Bibliotecas monásticas
Historia
Monastic and religious life
Church history
Historia eclesiástica
Monastic libraries
Medieval Libraries
Monasticism and religious orders
Semiotics
Hermetism
Italian fiction
William of Baskerville (Fictitious character)
Middle Ages
Sémiotique
Mystery fiction
Continental european fiction (fictional works by one author)
Fiction, suspense
William, of baskerville (fictitious character), fiction
Kriminalfall
Libraries
Benediktinerkloster
Translations into German
Nome della rosa (Eco, Umberto)
Monks
Fiction, thrillers, suspense
Monasticismo y órdenes religiosas
Powieść włoska
Tłumaczenia polskie
FICTION / African American / General
Underground Railroad
Fugitive slaves
FICTION / Historical
FICTION
African American
18.06 Anglo-American literature
Underground railroad
Historischer Roman
Amerikanisches Englisch
nyt:hardcover-fiction=2016-08-21
Slaves, fiction
Fiction, african american & black, historical
Fiction / african american / general
Fiction / literary
Fiction / historical
African american
Historischer roman
Fiction, fantasy, historical
Succession
Soldiers
Conspiracies
English Adventure stories
English War stories
Conspiration
Récits de guerre anglais
Self-help techniques
Spirituality
Success
Filosofía
Success in business
Éxito
Exito en los negocios
New Thought
Pensamiento nuevo
Motivation (psychology)
Self-actualization (psychology)
Think and grow rich (Hill, Napoleon)
Carnegie, andrew, 1835-1919
Erfolg
Lebensführung
Éxito en los negocios
Succès dans les affaires
Finance, personal
Alice (fictitious character : carroll), fiction
classics
Imagination & Play
adventure and adventurers
adventure and adventurers, fiction
adventure stories
adventure travel
animals
anthropomorphism
artists' illustrated books
books and reading
child and youth fiction
children
children's fiction
children's literature
children's literature, english
children's stories
children's stories, english
classic literature
coloring books
croquet
cuentos infantiles ingleses
curiosidad
curiosidad en los niños
curiosity
curiosity in children
english
english adventure stories
english fantastic fiction
english fantasy fiction
english fantasy literature
english language
english literature
english nonsense verses
fairy tales
fantasy
fantasy fiction
fantasy in fiction
fantasy  magic
fantasía
ficción juvenil
fiction
girls
girls, fiction
hookahs
humor
humorous stories
illustrations
imaginary places
juvenile literature
legends
literary nonsense
logic
lugares imaginarios
mythical animals
niñas
nonsense verses
novela
novela fantástica
novela juvenil
open library staff picks
picture books
playing cards
rabbits
readers
reading materials
short novel
tea
texts
Alice (Fictitious character : Carroll)
English language, textbooks for foreign speakers
Fantastique
Enfants
Affirmation de soi
Alicia (Personaje literario : Carroll)
nyt:chapter-books=2010-02-21
Literatura infanto-juvenil
Literatura inglesa
Carroll, lewis, 1832-1898
Children's literature, history and criticism
Children, books and reading
Crocheting
Fantasy fiction, history and criticism
Toy and movable books
Textbooks for foreign speakers
Readers for new literates
High interest-low vocabulary books
CUENTO INFANTIL INGLES
Translations into Irish
Irish literature
Swahili language
Internet Archive Wishlist
Ficc ʹa o (ge nero)
Shi jie wen xue
Xiao shuo
Fantasi a
Tong hua
Shao er du wu
Pin yin du wu
Children's stories, Chinese
Chinese language
Translations into Polish
Ying yu
Yu yan du wu
Illusion (Philosophy)
Innocence (Psychology)
Courts and courtiers
Theft
Courts
Curiosité
Prise de décision
Humour pour la jeunesse
Lieux imaginaires
Illusion (Philosophie)
Rêves
Cartes à jouer
Cours et courtisans
Croquet (Jeu)
Vol (Droit)
Tribunaux
Histoires pour enfants anglaises
Literature, collections
Fiction, short stories (single author)
Contes de fées
English fiction
Translations into Ladino
Nonsense literature
Fantasmes
Dinosaurier
Utdöda djur
Urtidsdjur
Forntiden
Geologi
Evolution
Jorden
Fantastiske fortællinger
Translations into Yiddish
Alice's adventures in Wonderland (Carroll, Lewis)
Alice in Wonderland;
North
Rural-urban migration
Russian language
Computer programming
Vocational education
Projectmanagement
Métodos ágeis
Programmeren (computers)
Beroepskwalificaties
Engenharia de programas
Qa76.6 .h857 1999
005.1
Biographers
Hollywood (los angeles, calif.), fiction
nyt:trade-fiction-paperback=2021-01-31
Women journalists
Motion picture actors and actresses
Motion picture industry
Authorship
Elves
Dwarves
evil
fear
hope
young adult fiction
Fantastic fiction
Fairy tales
Translations in Chinese
Roman
Français (langue)
Lectures et morceaux choisis
Vol. 1.
Gandolf (Fictitious character)
Fiction, romance, general
nyt:trade-fiction-paperback=2023-05-14
FICTION / Romance / Contemporary
Paraplegics
Fiction, women
Young women, fiction
People with disabilities, fiction
Contemporary Women
Paralysis
Contemporary
Emotions
Caregivers
Business enterprises
People with disabilities
Wheelchairs
Quadriplegics
nyt:trade-fiction-paperback=2013-08-18
Man-woman relations
Life change events
nyt:mass-market-paperback=2016-05-15
Bossiness
English Romance fiction
Parapléjicos
Jóvenes (Mujeres)
Exito
Men with disabilities
Translations
Cuidadores
Paralytics
Cemeteries
Supernatural
Dead
nyt:paperback_books=2011-06-11
Alternative Family
Horror
Cemeteries, fiction
Supernatural, fiction
Ghosts, fiction
award:hugo_award=2009
Ghost stories
Ghosts
Paranormal fiction
Orphelins
Nouvelles occultes
Cimetières
Fantômes
Surnaturel
Morts
Cementarios
Cementerios
Sobrenatural
Paranormal
Supernatural--fiction
Dead--fiction
Cemeteries--fiction
Orphans--fiction
Dead--juvenile fiction
Cemeteries--juvenile fiction
Orphans--juvenile fiction
Pz7.g1273 gr 2008
[fic]
lexile:820
lexile_range:801-900
age:min:10
age:max:12
grade:min:5
grade:max:6
Hobbits
magic
Textual Criticism
Chinese language materials
Frodo Baggins (Fictional character)
Translations into French
Spanish language edition
Bolsón, Frodo (Personaje literario)
Tierra Media (Lugar imaginario)
Historia de aventuras
Novela inglesa
Waisenkind
Intrige
Wiederbelebung
Bewährung
Wettkampf
Junge
Sport
Rettung
Jugendbuch
Mord
magier
fictitious schools
juvenile works
juvenile audience
School
Sorcellerie
award:hugo_award=2001
Romans nouvelles etc. pour la jeunesse
Magi
Chinese fiction
Hugo Award
Potter, harry (fictitious character)
Juvenile films
Películas cinematográficas juveniles
Film adaptations
Hechiceros
Potter, Harry (Personaje literario)
Inglaterra
Novelas inglesas
Children's stories, English
French language
Korean language materials
English Fantasy literature
Translations into Marathi
Bengali detective and mystery stories
School principals
Cartoons and comics
Heroes
American Humorous stories
Captain Underpants (Fictitious character)
Héroes
Superintendentes y directores
Metamorphosis
Child authors
Caricatures and cartoons
Heroes and heroines
School superintendents and principals
Niños autores
Metamorfosis (Biología)
Novela infantil
Captain underpants (fictitious character), fiction
Heroes, fiction
Còmics
Llibres per a infants
Escola
Narrativa per a infants
Bobette, Capitaine (Personnage fictif)
Directeurs d'école
Héros
Récits humoristiques
H?eroes
Captain Underpants (Fictional character)
letters
numbers
orchestras
Creativity and Imagination
Boredom
Magic and Supernatural
Discovery and Learning
Imaginación
Language and languages
Lenguaje y lenguas
children's fantasy
puns
tollbooths
Puns and punning
Imagination in children
Science Fiction, Fantasy, & Magic
Children's 9-12 - Literature - Classics / Contemporary
Readers - Chapter Books
Non-Classifiable
Action & Adventure - General
Imaginary Voyages
Boys
Learning and scholarship
Male authors
Illustrated children's books
Garçons
Savoir et érudition
Livres illustrés pour enfants
Spécimens
Children's books
Ennui (Lassitude)
Fantasía
Relatos de aventura
Fantasy--juvenile fiction
Pz7.j9865 ph 1996
Alphabet
Arithmetic
Arithmétique
Histoires pour enfants
Fiction, thrillers
London (england), fiction
Artists, fiction
Marriage, fiction
Fiction, thrillers, general
Family violence
Marriage
Artists
Psychotherapy patients
1960-1988
Dr. Seuss
Beginner Books
I Can Read It All By Myself
Green Eggs and Ham
Audio-Cassette included
First time readers
English
2-3 years
Pre-school
Children's
Stories
Books
In rhymes
Rhyming
Food
Eggs
Ham
Food habits
Nonsense verses
Stories in rhyme
Food, fiction
Latin language
Latin language materials
Food preferences
Juvenile poetry
Vocabulary
PICTURE LIONS
Jig Story
4
Jigsaw
Puzzles
20
Activities
Chamber music
Eggs, fiction
Puzzles, juvenile literature
Rand al'Thor (Fictitious character)
Rand al'thor (fictitious character), fiction
Zeus (Greek deity)
Hades (Greek deity)
Poseidon (Greek deity)
nyt:series_books=2007-07-21
Mythology, Greek
Juvenile fiction..
Identity (Philosophical concept)
Identity
Adaptations
Fathers and sons, fiction
mirror
pdf.yt
Legends, Myths, Fables
Father-son relationship
Gods and goddesses
Literature and fiction, juvenile
Children's Books -- Literature -- Action & Adventure
Children's Books -- Literature -- Fairy Tales, Folk Tales & Myths -- Greek & Roman
Children's Books -- Literature -- Popular Culture
Children's Books -- Literature -- Science Fiction, Fantasy, Mystery & Horror -- Science Fiction, Fantasy, & Magic
Literature & Fiction -- World Literature -- Mythology
Child and youth fiction
Science fiction, fantasy, horror
Pères et fils
Amistad
Padres e hijos
Libros ilustrados para niños
Dieux grecs
Materiales en espñaol
Quakers
Rescue
World War, 1939-1945
Jews
Girls & Women
Holocaust
World War (1939-1945) fast (OCoLC)fst01180924
Judenvernichtung
Values & Virtues
Dänemark
Denmark, fiction
World war, 1939-1945, fiction
Jews, fiction
Stars
Stars, fiction
Sweden, fiction
Jews, history, fiction
Denmark
Guerra Mundial II, 1939-1945
Holocaust, Jewish (1939-1945)
Children's literature, Turkish
World war, 1939-1945
Girls & women
Newbery medal
World war (1939-1945) fast (ocolc)fst01180924
Values & virtues
Reading level-grade 5
Reading level-grade 4
Reading level-grade 7
Reading level-grade 6
Reading level-grade 8
lexile:670
lexile_range:601-700
age:min:9
age:max:11
grade:max:7
Journalists
Hackers
Children's Books/Ages 9-12 Fiction
Witches and warlocks
Juvenile audience
Traducciones al español
Magic in fiction
England in fiction
Schools in fiction
Sorcières
Wizards in fiction
Boarding schools
Magie
{acute}Ecoles
Sorciaeres
Potter, Harry (Fictitious character)
Arabic language materials
Witchcraft
Severus Snape (Fictitious character)
Lebensrettung
Internat
Weissagung
Existenzkampf
Fabeltiere
Boarding school students
Military aspects
Parapsychology
Das Böse
Magier
Lebensgefahr
Schüler
Freundschaft
Rollentausch
Jugendgruppe
Telepathie
Das Gute
Dueling
Außenseiter
Imaginärer Schauplatz
Hate
Schools - Fiction
Coming of age - Fiction
Hogwarts Schools of Witchcraft and Wizardry (Imaginary Place)
Eventyrlige fortællinger
Troldmænd
Near and far eastern fiction (fictional works by one author)
Anxiety
Comics & graphic novels, science fiction
Wiggin, ender (fictitious character), fiction
Lusitania (imaginary place), fiction
Fiction, science fiction, hard science fiction
nyt:mass-market-paperback=2013-11-24
award:hugo_award=1987
Guerre spatiale
Voyages interplanétaires
Ke xue huan xiang xiao shuo
Ents
Orcs
hobbits
translations into Spanish
readers for new literates
Popular Carousel
Baggins, Frodo (Personaje literario)
Translations into Chinese
Spanish: Adult Nonfiction
Gondolf (Fictitious character)
Epic fiction
Science-fiction anglaise
English Fantastic fiction
Littérature britannique
Fantasy anglaise
Baggins, Frodo (Personaje ficticio)
In library
Gandalf (Fictitious character)
Popular Print Disabled Books
Animals
Color
Colors
Vietnamese language materials
Japanese language
Colores
Bilingual
Animales
Rhyme
Storytelling
Bears
Color, fiction
Animals, fiction
Bilingual books, spanish-english
Bears, fiction
Senses and sensation, fiction
Color -- Fiction
Animals -- Fiction
board books
Animals, habits and behavior, fiction
Pictorial works
Materiales bilingües en español
Panjabi language materials
Color, juvenile literature
Animals, pictorial works
Animals, juvenile literature
Indians of north america, medicine
Color -- Juvenile fiction
Animals -- Juvenile fiction
Spanish language materials -- Bilingual
Color -- Ficción juvenil
Animales -- Ficción juvenil
Couleur
Fairies--Fiction.
Sisters--Fiction.
Orphans--Fiction.
Princes--Fiction.
Courts and courtiers--Fiction.
Princes
Fairies
Fairies, fiction
Princes, fiction
Courts and courtiers, fiction
nyt:young-adult-hardcover=2018-01-21
Fiction, romance, paranormal, general
Young adult fiction, fantasy, dark fantasy
Young adult fiction, royalty
Young adult fiction, social themes, bullying
Young adult fiction, fantasy, romance
Presidents
Scientists
Humorous poetry
American Humorous poetry
Children's poetry
American poetry
Children's poetry, American
Humorous poetry.
Poesía infantil
Poesía infantil estadounidense
Poesía humorística
Humorous Stories
Poetry
Wit and humor
sofas
xenophobia
bird language
paradoxes
Infinite Improbability Drive
Heart of Gold
reverse engineering
The Ashes
Wikkit Gate
Trilogy of Five
space-time eddy
Anachronism
Dent, Arthur (Fictitious character) Fiction
Prefect, Ford (Fictitious character) Fiction
nyt:mass_market_paperback=2011-06-04
Lugares imaginarios
Fiction, fantasy, dark fantasy
paranormal
necromancy
Butch Lesbians
horror
Mystery
Applied Psychology
Aspectos religiosos
Conducta (Etica)
Cristianismo
Miniature books
Pastoral psychology
Paz del espíritu
Peace of mind
Pensamiento
Psicología aplicada
Religious aspects of Peace of mind
Religious aspects of Success
Self-actualization
Self-culture
Attitude
Ensayos, conferencias
Teología moral
Etica cristiana
Психология
SELF-HELP
Personal Growth
Success, religious aspects
Conducta (Ética)
Religious aspects
Crime & Mystery
classic fiction
Andamanese
arrow poisons
bloguns
convicts
crime & mystery fiction
crocodiles
Detective and mystery fiction
Fiction Classics
Indian Rebellion of 1857
launches
Literary Fiction
Mystery & Suspense
novel
private investigators
substance abuse
tea plantations
treasure
waylaying
Holmes, sherlock (fictitious character), fiction
Watson, john h. (fictitious character), fiction
Fiction, crime
Texts
Shorthand
Mystery and detective stories
John H. Watson (Fictitious character)
Sherlock Holmes (Fictitious character)
Holmes, Sherlock (Fictitious character) -- Fiction
John H Watson
Holes
Documentary films
Fiction, horror
Suspense
flashback
literary fiction
Death of a Salesman
Play
Sales personnel
American drama
Selling
Problems, exercises
Study and teaching
Domestic drama
Willy Loman (Fictitious character)
American drama (dramatic works by one author)
Loman, willy (fictitious character), drama
Plays
Death of a salesman (Miller, Arthur)
Loman, willy (fictitious character)
Translations into Welsh
Welsh drama
Willy Loman
Middle schools
Socialization
Interpersonal Relations
Child
Materiał w Języku Polskim
Polish language
Middle schools -- Fiction
Schools -- Fiction
Diaries -- Fiction
JUVENILE FICTION -- Social Issues -- Friendship
JUVENILE FICTION -- Humorous Stories
Wimpy kid
official
jeff kinney
Succès
Psychologie appliquée
Psychologie applique e.
Succe  s.
Persuasion (Psychology)
Leadership
Interpersonal communication
Cheng gong fa
Ren ji guan xi
Xiu shen
Succes
Psychologie appliquee
Relations humaines
Tong su du wu
Framgång
Mänskliga relationer
Självförverkligande
Psychology, applied
Sociology
Achievement
Bf637.s8 c37 1998
Bf 637.s8 c289 1998
158/.1
Triangles (Interpersonal relations)
Dating
Infatuation
Dating (Social customs)
JUVENILE FICTION / Girls & Women
JUVENILE FICTION / Social Issues / Dating & Sex
Korean American teenagers
Dating & Sex
nyt:young-adult=2015-06-14
Dating (social customs), fiction
Abused children
Abusive mothers
Family relationships
Children of alcoholics
Biografía
Violencia en la familia
Hogares adoptivos
Madres abusivas
Relaciones familiares
Hijos de alcohólicos
Niños maltratados
Personal narratives
Child abuse
Child of Impaired Parents
Dysfunctional Families
Spirituality - General
Religion
Biography / Autobiography
Daly City
Abuse - General
Specific Groups - Special Needs
Self-Help / Abuse
California
Domestic violence
California, biography
Dave Pelzer
Barnmisshandel
United states, biography
Kindesmisshandlung
Pelzer, David J
Enfants d'alcooliques
Biographies
Mères violentes
Relations familiales
Violence familiale
Violence envers
Abuse
FAMILY & RELATIONSHIPS
lightsabers
snitches
androids
Action and adventure fiction
epic fiction
Good and evil -- Fiction
thrillers
supernatural
dark fantasy
Roland (Fictitious character)
Roland (fictitious character : king), fiction
Dark tower (imaginary place), fiction
Roland (Fictitious character : King)
Maine in fiction
German language materials
King, Stephen - Prose & Criticism
Fiction - Fantasy
Fantasy - Dark/Horror
Fiction / General
Fantasy - General
English Language Short stories
Bibliography
Space colonies
Self-Help
Self-improvement
BODY, MIND & SPIRIT / Meditation
Essays
Change (Psychology)
Philosophy
Homeless persons
Child sexual abuse
Self-mutilation
Emotional problems
Cutting (Self-mutilation)
Sex crimes
Sexual abuse
nyt:young-adult-hardcover=2016-09-25
Suicidal behavior
Absentee fathers
nyt:young-adult-paperback-monthly=2023-07-02
Haunted houses
Casas embrujadas
Cuentos de terror
Gothic revival (Literature)
Horror tales
Novela gótica
Novela psicológica
Fiction, gothic
Empire chese roman
haunted
ghost
End of the world
FICTION / Gothic
FICTION / Horror
FICTION / Psychological
Haunted houses--fiction
Ps3519.a392 h3 2006
813/.54
Family relations
love stories
Social classes
Upper class
wealth
Women in England
young ladies
entail
Bennet, elizabeth (fictitious character), fiction
Darcy, fitzwilliam (fictitious character), fiction
Roman anglais
Classes sociales
Sœurs
Amours
Mœurs et coutumes
Pride and prejudice (Austen, Jane)
Clases sociales
Hermanas
Cuentos de amor
Great britain, social life and customs, fiction
Prejudices
Classical literature
Women, fiction
Gentry
Mate selection
Fiction, romance, historical, general
English literature (collections)
Coloring books
Language and languages, study and teaching
Emoticons
Feelings
Class
Sociala klasser i litteraturen
Bible
History of biblical events
Great britain
Reading level-grade 9
Reading level-grade 11
Reading level-grade 10
Reading level-grade 12
Elizabeth bennet (fictitious character)
Fiction, romance, historical
Austen, jane, 1775-1817
Literature and fiction (general)
English literature, history and criticism
Художественная литература -- Великобритания -- Английская литература -- 1-ая пол. 19 в. -- Романы
Novel
Poor
Problem families
nyt:paperback_nonfiction=2007-03-03
War
Family Relations
West virginia, biography
Rural poor
Poor, united states
Journalists, biography
nyt:e-book-nonfiction=2011-02-13
Casos de estudio
Biografi a.
Hijos de padres alcoho licos
Desamparados
Pobres
Familias problema ticas
Familias problemáticas
Hijos de padres alcohólicos
Personas sin hogar
Childhood and youth
Pobreza
Familias
Poverty
Relaciones de familia
Problemas familiares
Enfance et jeunesse
Famille
Familles inadaptées
Pauvres
Sans-abri
Enfant d'alcoolique
Famille dysfonctionnelle
Itinérance
Jeunesse (Biographie)
Pauvreté
Biographie
Enfant de parents alcooliques
Document
collectionID:EanesChallenge
collectionID:ConroeChallenge
Adult Children
Personal Narratives
Alcoholism
collectionID:bannedbooks
Walls, jeannette
Children of alcoholics--united states--biography
Children of alcoholics--west virginia--welch--biography
Dysfunctional families--united states--case studies
Dysfunctional families--west virginia--welch--case studies
Poor--west virginia--welch--biography
Homeless persons--family relationships
Homeless persons--new york (state)--new york--family relationships
Homeless persons--family relationships--new york (state)--new york
Hv5132 .w35 2005
Ws 105.5.f2 w215g 2005
362.82/092 b
Social work & human services
General & miscellaneous biography
United states studies
Family memoirs - biography
Public affairs & policies
Patient narratives
Social problems
childhood
loss
loneliness
Italian language
French language, readers
Travel, fiction
Children's stories, French
Translations into Turkish
Children's stories, Turkish
Pride and vanity
Asteroids
Príncipes
Princes -- Juvenile fiction
Air pilots -- Juvenile fiction
Princes -- Romans, nouvelles, etc. pour la jeunesse
Pilotes d'aéronef -- Romans, nouvelles, etc. pour la jeunesse
Pilotos aéreos -- Novela juvenil
Príncipes -- Novela juvenil
Cuentos de hadas
Air pilots
Novela fantástica
Deaf children
Juvenile
Pied Piper of Hamelin (Legendary character)
Legends
Foxes
Deserts
Children's literature, french
Translations into english
Short novel
Translations into serbo-croatian
Allegories
Planets
Rhaeto-romance/romansh literature
Rhaeto-romance/romansh prose
Texts translated into rhaeto-romance/romansh
Fiction - general
Nyt:picture-books=2009-12-27
Trantorian empire (imaginary place), fiction
Vie extraterrestre
Psychohistoire
award:retro_hugo
Vampires
Challenges and Overcoming Obstacles
Cleverness
School Life
school stories
MAGIA
MAGOS
NOVELAS INGLESAS
Witches in fiction
Lehrling
Kinderbuch
Stein der Weisen
Ungeheuer
Translating into Welsh
Modern history to 20th century: c 1700 to c 1900
Literary theory
Poudlard, école de sorcellerie (Organisation imaginaire)
Internats
Witchcraft, fiction
Wizard
NOVELAS FANTÁSTICAS
NOVELAS JUVENILES INGLESAS
LITERATURA JUVENIL ESTADOUNIDENSE
Hechicería
Ingleterra
roman
Children - harry potter
Teen fiction
Children - fiction & literature
Science fiction & fantasy
Fiction - people
Places & cultures
Cats
Fantasy Fiction
Feral Cats
Cats, fiction
Courage, fiction
Action
Courage
series:warriors_the_prophecies_begin
Control (Psychology)
Contrôle (Psychologie)
Pouvoir (Morale)
Nonfiction
Power (Philosophy)
Self-Improvement
Contrãole (Psychologie
Political Science
Abridged Audio - Misc. Nonfiction
Politics/International Relations
History & Theory - General
Political Science / History & Theory
Audiobooks
Political science & theory
Contrôle (Psychologie.)
Pouvoir (Morale.)
BUSINESS & ECONOMICS
Motivational
Macht
Nutzung
Gesellschaft
Zwischenmenschliche Beziehung
Power (Social sciences)
Power (Psychology)
Control (Philosophy)
poder
influência
manipulação
liderança
ambição
jogo
persuasão
Philosophy and ethics
Fiction in english, 1945- - texts
Pr6052.a485
823/.914
Imaginary voyages in fiction
Explorers in fiction
Explorers
Adventure and adventurers in fiction
French Science fiction
Earth in fiction
Core
Voyages and travels in fiction
Earth
Vietnamese language books
Thriller
Lidenbrock, professor (fictitious character), fiction
Geology
Internal structure
Volcanoes
Leprosy
French fiction
Professor Lidenbrook (Fictitious character)
Volcanoes, fiction
Illustraties
Frans
Viajes
Núcleo
Adventures and adventurers
Aventuras
Tierra
Earth (Planet) -- Core -- Fiction
Voyages, Imaginary -- Fiction
White Ship
The Anarchy
Battle of Lincoln
Anglo-Saxon law
Suspense & Thriller
suspense fiction
church and state
historical literature
church architecture
Epic literature
history
monks
Cathedrals
Design and construction
nyt:mass_market_paperback=2010-02-28
Middles Ages
Great britain, fiction
Sagas
Kirchenbau
Familie
Baumeister
Thrillers
White ship
The anarchy
Battle of lincoln
Anglo-saxon law
Suspense & thriller
Suspense fiction
Church and state
Historical literature
Church architecture
Open library staff picks
Nyt:mass_market_paperback=2010-02-28
Middles ages
Fictional works publication type
Middle ages
Mexican-Americans
Mexican Americans
Mexican American families
Mexican American teenagers
Brothers
Loyalty
Trust
Prisoners
Juventud mexicano-americana
Hermanos (Varones)
Presos
Ira
Familias mexicano-americanas
Homosexualidad
Adolescentes
Autopercepción
Mexican americans, fiction
nyt:young-adult-paperback-monthly=2022-01-02
award:Pura_Belpre_award
lexile:380
lexile_range:301-400
lexile_code:HL
age:min:12
age:max:undefined
grade:min:7
grade:max:9
Evolution (Biology)
Genetics
Sociobiology
Behavior genetics
Genetica
Etologia Animal
Genetics. 0
Natural selection
Sociobiologie
Évolution (biologie)
Memen
Diergedrag
Génétique animale
Evolutionstheorie
Habits and behavior of Animals
42.21 evolution
Genen
Génétique du comportement
Génétique
Biological Evolution
Évolution
Evolutie
Origin of species
Genetik
Sosyobiyoloji
Evrim (Biyoloji)
non fiction
biology
essay
evolution theory
SCIENCE / Life Sciences / Evolution
SCIENCE / Life Sciences / Genetics & Genomics
Genetic Selection
Behavioral Genetics
Animal genetics
Animal behavior
Genetics, behavioral
Selection, genetic
Qh437 .d38 2006
2006 f-119
Qu 475 d271s 2006
576.82
sociopaths
dissociative identity disorder
civil rights
heroin
cocaine
lobstrosities
tarot cards
horror fiction
American fantasy fiction
horror tales
second volume (The Dark Tower saga)
Parallel universes
Post-apocalpytic
Apocalyptic literature
American Authors
riddles
monorails
artificial intelligence
Velcro Fly
ka-tet
cyborgs
Dark Tower Series
Roland of Gilead (Fictitious character)
Time travel
Voyages dans le temps
Horror fiction
Literatura norte-americana
Bildungsroman
Diary novels
high school students
social conditions
teenagers
diary fiction
coming of age
fiction classics
introversion
sexuality
drug use
mental health
coming-of-age
music
infinite
abuse
repression
Loss (Psychology)
Emotions, fiction
Translations into Vietnamese
nyt:paperback-books=2012-06-24
Letters, fiction
collectionID:TexChallenge2021
Adolescents
Élèves du secondaire
Conditions sociales
Lettres (Genre littéraire)
Epistolary novels
High school students--social conditions
High school students--social conditions--fiction
High school students--social conditions--juvenile fiction
Teenagers--juvenile fiction
Letters--juvenile fiction
High school students--juvenile fiction
Adolescence--juvenile fiction
Ps3553.h3469 p47 1999
nyt:chapter_books=2010-11-06
percy jackson (fictional character)
kids
teens
Leo Valdez
Jason
Lost
Jason Grace
Percy Jackson
Hero
Perseus
Leo
Percy
The Heroes of Olympus
Rick Riordan
Piper Mclean
The
nyt:paperback-books=2012-04-22
Giants
Olympians
Literatura estadounidense
Novela estadounidense
Siglo XIX
Ciencia ficción - Literatura
cyanide poisoning
chloral hydrate
potassium cyanide
Scotland Yard
coroners
message in a bottle
Millionaires
Murder victims
Millionaires in fiction
Murder victims in fiction
Islands in fiction
Crime
Mystery & Detective
Traditional
Littérature anglaise
Serial murders, fiction
nyt:series_books=2010-07-10
Horror stories
Demonology
The Mortal Instruments Series
Demonology, fiction
The Kingkiller Chronicle
Magicians
Attempted assassination
Mercenary troops
nyt:hardcover_fiction=2011-05-28
Paranormal Fiction
Phantastischer Roman
Mercenary soldiers
Assassination
TOA
The Hidden Oracle
Heroes of Olympus
JUVENILE FICTION / Action & Adventure / General
JUVENILE FICTION / Legends, Myths, Fables / Greek & Roman
Delphian oracle
JUVENILE FICTION / Fantasy & Magic
Greek & Roman
nyt:childrens-middle-grade-hardcover=2016-05-22
Women
Memory
Supervivencia
Memoria
Mujeres
Bien y mal
Muchachos
nyt:combined-print-and-e-book-fiction=2013-07-07
Fantastische Literatur
Horrorroman
Souvenir
Retour au foyer
Secrets de famille
Souvenirs retrouvés
Esprits
Bien
Mal
Early memories
Habiletés de survie
Premiers souvenirs
Aging
Aging in fiction
Space and time
Space and time in fiction
Science fiction comic books, strips
award:hugo_award=1976
Space warfare in fiction
Fiction, science fiction, military
Mandella, william (fictitious character), fiction
Envejecimiento
Espacio y tiempo
Science-fiction americaine
Rand Al'Thor (Fictitious character)
American Science Fiction And Fantasy
Fantasy - Epic
Fiction / Fantasy / Epic
Gangsters
Swindlers and swindling
Robbers and outlaws
Betrayal
Civil war
Dragons
epic fantasy
epic literature
fantastic fiction
good and evil
Ignotus Award winner
imaginary wars and battles
Invierno
kings and rulers
Locus Award winner
nyt:trade_fiction_paperback=2011-09-10
seasons
winter
Trial by combat
walls
penal colonies
wights
folk healers
persistent vegetative states
Seven kingdoms (Imaginary place)
Kings and rulers -- Fiction
Civil war -- Fiction
Aes Sedai
Rand al'Thor
wheel of time
robert jordon
Sex role
Reincarnation
Novela fantástica estadounidense
Castles
Princesses
Fiction, romance, fantasy
Motivation (Psychology)
Self-control
nyt:advice-how-to-and-miscellaneous=2018-11-11
Dance parties
Best friends
Valentine's Day
Greg Heffley (Fictitious character)
Diary Of A Wimpy Kid Book 07 The Third Wheel
Dance
Mejores amigos
Estudiantes de la escuela media
Día de San Valentín
Danza
Middle school
school dance
date
Best rriends
Heffley, Greg -- Juvenile fiction
Heffley, Greg
Valentine's Day -- Fiction
Dance parties -- Fiction
Best friends -- Fiction
Family life -- Fiction
Livres en gros caractères
large print books
JUVENILE FICTION -- Family -- Siblings
Behavior
Miscellanea
Birthdays
Astrology and psychology
Personality
Persoonlijkheid
Astrologie
Astrology
Religious disputations
Domestic terrorism
Imaginary places, fiction
nyt:hardcover-fiction=2015-10-25
Juvenile Drama
Diskontinuität
Zeitreise
Auferstehung
Drama, collections
Art
Potter, Harry (Fictitious character) -- Juvenile drama
Good and evil -- Juvenile drama
Magic -- Juvenile drama
Potter, Harry (Fictitious character) -- Drama
Wizards -- Drama
Fantasy drama
Mental discipline
Subconsciousness
Disciplina mental
Subconsciencia
Creative ability
Personal success
Psychology Unconscious
Éducation et discipline mentales
Inconscient
Pshycology
self development
Personal development
Mind power
Law of attraction
Subconscious mind
Positive thinking
Visualization
Affirmations
Goal setting
Meditation
Spiritual
Sieges
Courts and courtiers -- Fiction
Sieges -- Fiction
Cours et courtisans -- Romans, nouvelles, etc
Sièges (Histoire) -- Romans, nouvelles, etc
Lieux imaginaires -- Romans, nouvelles, etc
hard science-fiction
science-fiction
sci-fi
hard sci-fi
nyt:hardcover-fiction=2021-05-23
Astronauts
Space flight
Memory disorders
Fin du monde
Astronautes
Vol spatial
FICTION / Science Fiction / Action & Adventure
FICTION / Science Fiction / Hard Science Fiction
FICTION / Thrillers / Suspense
Survival after airplane accidents, shipwrecks
nyt:trade-fiction-paperback=2022-11-13
Politics and government
Anarchism
Great Britain in fiction
Totalitarianism in fiction
English Science fiction
Totalitarianism
Anarchism in fiction
Comics & graphic novels, crime & mystery
nyt:paperback-graphic-books=2009-03-29
nyt:hardcover-graphic-books=2009-09-27
Comics & graphic novels, dystopian
Anarchism--fiction
Vendetta
Vendetta--england--comic books, strips, etc
Anarchism--comic books, strips, etc
Totalitarianism--comic books, strips, etc
Basic reader
Pn6737.m66 v2 2005
741.5/941
Egyptian Mythology
nyt:paperback-books=2011-09-04
Egyptologists
Children's fantasy fiction
Voyages and travels, fiction
Family secrets
Seth (Egyptian deity)
Secret societies
Kane Chronicles #1
Other
nyt:chapter-books=2010-05-23
Syskon
Gudar
Förbannelser
Hemliga sällskap
Övernaturligt
Hieroglyfer
Egyptisk mytologi
Frères et sœurs
Voyages
Sociétés secrètes
Encubrimiento
Siblings, fiction
Contests
Revolutionaries
JUVENILE FICTION / General
Matrimonio
Juvenile ficción
Competencia
nyt:chapter-books=2012-05-13
Contests, fiction
Mariage
Concours et compétitions
Révolutionnaires
Dystopias
the Blitz
fauns
Turkish Delight
lions
English Children's stories
English Christian fiction
Leones
christianity
Brujas
siblings
Lion
Narnia (Imaginary place)
JUVENILE FICTION / Classics
Children
Aslan the Lion (Fictitious character)
JUVENILE FICTION / Action & Adventure
Narnia (Lugar imaginario)
Narnia (imaginary place), fiction
Children's literature, study and teaching
Lion, fiction
Witches, fiction
Short stories
Cosmologie
Temps (durée)
Espace-temps
Vulgarisation scientifique
Univers
Espace extraterrestre
Expansion
Cosmology
Origine
Trous noirs (astronomie)
Cosmogonie
Big Bang
Espace et temps
Cosmologia
Time
Einfühlung
Kosmologie
Raum-Zeit
Einführung
Universe
Relativité (physique)
Physics
Creation
Temps
Astronomy
Sciences de l'espace
Einfuhrung
Relativite (physique)
science
astrophysics
popular science
Black holes
nyt:audio-nonfiction=2018-04-08
nyt:science=2014-03-09
Universo
Cosmología
Quantum theory
Weltall
Raum und Zeit
Allgemeinwissen
Einheitliche Feldtheorie
Schwarzes Loch
Astrophysik
Kosmogonie
Zeit
Raum
Science, history
Black holes (Astronomy)
Physique
Naturphilosophie
Théorie
Sciences
Astrophysique
Philosophie
Kosmologia
Popular works
Przestrzeń i czas
Fizyka
Filozofia
Social Issues - Friendship
Children: Grades 4-6
Social Situations - Adolescence
Social Issues - Adolescence
Juvenile Fiction / Social Situations / Adolescence
Animals - Dogs
children's classics
dogs
hounds
mountains
Hunting dogs
Human-animal relationships
Hunting
death & grieving
4th grade reading books
5th grade reading books
award winning childrens books
Dogs, fiction
Boys, fiction
Ozark mountains region, fiction
Chinese American
Chinese American women
Chinese American women in fiction
Chinese Americans
Chinese Americans in fiction
Female friendship
Female friendship in fiction
Mothers and daughters in fiction
Mothers in fiction
Reminiscing in old age
Reminiscing in old age in fiction
Societies and clubs
Women in fiction
San Francisco (Calif.)
Asian Americans
Mother and child
Auteurs d'origine chinoise
San francisco (calif.), fiction
Mothers and daughters, fiction
Chinese americans, fiction
Fiction, sagas
Fictional Works [Publication Type]
Asian American
Autographed books
Novela hogareña
Mujeres chino-americanas
Madre e hija
Chinese American families
Madres e hijas
Humorous stories, English
Science fiction, English
Comic science fiction
Wit and humour
English humorous stories
English science fiction
Humorous stories, english
Science fiction, english
Prophets
Battles
Literature & Fiction
Science Fiction & Fantasy -- Authors, A-Z -- ( E ) -- Erikson, Steven
Science Fiction & Fantasy -- Fantasy -- Epic
malazan
sorcery
dragons
empire
epic
Blessing and cursing
deamons
Howl, the magician (fictitious character), fiction
Young adults
Blind
FICTION / General
Germany, fiction
France, fiction
nyt:trade-fiction-paperback=2017-04-23
nyt:hardcover-fiction=2014-05-25
nyt:e-book-fiction=2014-06-08
Juventud
Ciegos
Berliner Mauer
Fathers and daughters
Tweede Wereldoorlog
Personnes aveugles
Guerre mondiale, 1939-1945
German Occupation of France (1940-1945) fast (OCoLC)fst01353176
Enfants aveugles
Enfants et guerre
Histoire
black lives matter
National Book Awards Longlist
African American teenagers
Police shootings
Witnesses
Police-community relations
YOUNG ADULT FICTION
People & Places
United States
Emotions & Feelings
Prejudice & Racism
racism
young adult
social issues
teen
Race relations, fiction
nyt:young-adult-hardcover=2017-03-19
YOUNG ADULT FICTION / People & Places / United States / African American
YOUNG ADULT FICTION / Social Themes / Emotions & Feelings
YOUNG ADULT FICTION / Social Themes / Prejudice & Racism
Black lives matter
National book awards longlist
African american teenagers
People & places
United states
Emotions & feelings
Prejudice & racism
Racism
Young adult
Social issues
Teen
Nyt:young-adult-hardcover=2017-03-19
award:hugo_award=1993
Intellect
Life on other planets -- Fiction.
Survival skills
Curricula
Survival Stories
Wilderness survival
Native American
Indians of north america, fiction
Survival, fiction
Indians of mexico, fiction
California, fiction
Chumash women
Dolphins
Newbery Medal books
Islas
Indios de América del Norte
Shipwreck survival
Marine animals, fiction
Language Arts - General
Juvenile Nonfiction
San Nicolas Island (Calif.)
Water security
Foreign relations
lexile:1000
lexile_range:1001-1100
age:min:8
grade:min:3
Agatha Christie
Private investigator
P.I.
Hercule Poirot
Detective
Humour
Private investigators in fiction
Railroad
Trains
Express trains
Orient Express
Orient Express (Express train)
Regény
Angol irodalom
Railroad stories
Railroad travel
Poirot, Hercule (Personaje literario)
French imprints
Hercule Poirot (Fictional character)
Dorian. Grey (Fictitious character)
Orient-Express (Train rapide)
Money
Consumption (Economics)
Quality of life
Attitude change
Accounting
Ethics
Finance
Personal
Satisfaction
Wealth, management
Psychological aspects
Financial literacy
Ability
Psychic ability
Foster parents
Parapsychology, fiction
Identity, fiction
nyt:series-books=2016-11-20
France -- History -- 19th century -- Fiction
France
France in fiction
Pirates in fiction
Pirates
Revenge in fiction
Revenge
False arrest
Sailors
False arrest in fiction
Sailors in fiction
Language study
French literature
Translations into Tagalog
French literature, study and teaching
Classic
suspense
drama
France, history, 1799-1914, fiction
Venganza
Translations from French
Judeo-Arabic literature
Historical - General
Juvenile Historical Fiction
Literary Criticism & Collections / General
Tales
Escapes
Prisons
nyt:young-adult-paperback-monthly=2022-09-04
Books and reading
Novela australiana
Livres et lecture
Juifs
Sauvetage
Libros y lectura
Judios
Book thefts
Jews rescue (1939-1945 : World War) fast (OCoLC)fst01710189
Germany, history, fiction
Storytelling, fiction
Books and reading, fiction
Art de conter
World war ii
Gestapo
Judaism
Nazi
Nazi germany
Narración de cuentos
Muerte
Judíos
Nyt:paperback_books=2007-09-09
Jews rescue
German history
Reading
Guerra mundial ii
Family problems
Death (personification)
Military science fiction
Hard science fiction
Space exploration
Politics
Conspiracy
Espionage
Revolution
The Expanse (series)
british and irish fiction (fictional works by one author)
fantasy & magic
imagination & play
CHR 1960
PRO Tehon, Susan (donor)
PRO Tehon, Atha (former owner) (Tehon Collection copy)
18.05 English literature
JUVENILE FICTION / Fairy Tales & Folklore / Adaptations
English fiction (collections), 20th century
Rabbits, fiction
Alice (Fictitious character)
Condensed books
Through the looking glass
Through the looking-glass (Carroll, Lewis)
Literatură engleză
Literatură pentru copii
Novela fantástica inglesa
Flickor
Barn- och ungdomslitteratur
Drömmar
Fantasiresor
Parallella världar
Zuo pin ji
Philosophy in literature
psychology
animatronics
Pizzerias
Five Nights at Freddy's (Video game)
Zombies
Robots, fiction
nyt:young-adult-paperback=2016-10-16
Greek mythology
Roman mythology
Jackson, Percy (Fictitious character)
giants
Greeks, fiction
Mitología romana
Mythologie romaine
Gaia (Divinité grecque)
Géants
Jackson, Percy (Personnage fictif)
death row inmates
prisons
Executions and executioners
jails
sisters
prison officials and employees
American Horror tales
mice
Serialized fiction
Penitentiary
death row
Prison wardens
African American healers
miracles
serialised fiction
serial
First-person narrative
nursing homes
Cajuns
arsonists
Native Americans
insurance fraud
electrodes
electric chairs
electric current
psychics
urinary tract infections
empathy
straitjackets
solitary confinement
catatonia
mystery and detective stories
Prisiones
Coffey, john (fictitious character), fiction
Georgia, fiction
John Coffey (Fictitious character)
Elephants
Gorilla
Treatment
Circus animals
Circus
Animal welfare
Zoos
Gorillas
Apes, Monkeys
nyt:childrens-middle-grade=2013-02-17
Gorilla, fiction
Elephants, fiction
Animals, treatment, fiction
nyt:childrens-middle-grade-paperback=2015-08-30
Circos
Elefantes
Bienestar de los animales
Gorilas
Animales del circo
nyt:childrens-middle-grade-e-book=2015-11-22
Zoos, fiction
Astrophysics
SCIENCE / Space Science
SCIENCE / Physics / Astrophysics
nyt:combined-print-and-e-book-nonfiction=2017-05-21
astrofísica
ciencia
divulgación científica
Narnia
The Voyage of the Dawn Treader
The Chronicles of Narnia
Allegory
Selfishness
Narnia (Imaginary place) (Fictitious character)
Narnia (Imaginary place)(Fictitious character)
Selfishness in children
Ships
Good an evil
Myths
American Literature
Children's Literature
Norse Mithology
Young Adult Literature
2015
Norse Mythology
Homeless children
Magnus Chase (Fictitious character)
Norse Gods
nyt:childrens-middle-grade-hardcover=2015-10-25
Boston (mass.), fiction
Mitología escandinava
Desamparados, Niños
nyt:trade_fiction_paperback=2011-12-31
Fantasy - Series
Refugees
Traición
Alquimia
Reyes y soberanos
Dystopian
Christmas stories.sh
Children's stories.sh
Christmas stories
Christmas
Behavior, fiction
Christmas, fiction
Grinch (fictitious character), fiction
Noël
Histoires rimées
Contes
Grinch (Fictitious character)
American Christmas stories
Translations into Latin
Chevrolet Suburbans
1955 doubled die cents
crime
detectives
sex
school shootings
alter egos
insanity
sadism
mail order
rare coins
pornography
sadomasochism
serial killers
novellas
serial murderers
secrecy
business travel
cozy mysteries
violence against women
slaughterhouses
butcher knives
wells
cover-ups
sheriffs
amputation
pariahs
suicide
delusion
precognition
American Short stories
nyt:mass_market_paperback=2011-09-17
short stories
retribution
lung cancer
tumors
breast cancer
lymph nodes
embezzlement
heart attack
brain damage
stillbirth
pyorrhea
gout
psoriasis
Devil
Rape victims
House selling
Husband and wife
Époux
Victimes de viol
Vengeance
Démon
apartheid
PERFORMING ARTS
HUMOR
Television personalities
Personal Memoirs
PERFORMING ARTS / Comedy
BIOGRAPHY & AUTOBIOGRAPHY
HUMOR / Form / Essays
HUMOR / Essays
Comedians
Comedians, biography
South africa, biography
Mothers and sons
South africa, history
South africa, social conditions
nyt:combined-print-and-e-book-nonfiction=2016-12-04
BIOGRAPHY & AUTOBIOGRAPHY / Personal Memoirs
HUMOR / Topic / Cultural, Ethnic & Regional
Racially mixed people
Comiques
Métis
Vedettes de télévision
hyperboleandahalf
non-fiction
helper dog
allie brosh
Duncan
brilliant
simple dog
genius
comedy
depression
Cartoonists
Pictorial American wit and humor
nyt:advice-how-to-and-miscellaneous=2013-11-17
Blogs
Humor, general
Women revolutionaries
Thieves
Nobility
Covert Operations
Mystical powers
Upraising
Slaves
Adulto
Amnesia
Massachusetts
Cousins
Truthfulness and falsehood
Death & Dying
Massachusetts, fiction
Amnesia, fiction
nyt:young-adult=2014-06-01
Regression (Civilization)
Utopias
Virtual reality
Shared virtual environments
YOUNG ADULT FICTION / Computers & Digital Media
YOUNG ADULT FICTION / Dystopian
YOUNG ADULT FICTION / Media Tie-In
YOUNG ADULT FICTION / Mysteries & Detective Stories
YOUNG ADULT FICTION / Science Fiction / General
nyt:trade-fiction-paperback=2012-06-24
Gaming
video games
cyberpunk
science fiction
action
dystopian
Future
Realidad virtual
Ficcion
Regresión (Civilización)
Rompecabezas
Bedtime
Hares
Padre e hijo
Hora de acostarse
Amor
Conejos
Ouvrages pour la jeunesse
Board books
Children's picture book
Rabbits
Children's picture books
Parent and child
Spring
Bedtime, fiction
Parent and infant
Russian language materials
Eltern
Kind
Liebe
Feldhase
Social Issues - Emotions & Feelings
Children: Preschool
Animals - Rabbits
Family - General
Juvenile Fiction / Classics
Children: Kindergarten
Bedtime & Dreams
Family - Parents
Children's Baby - Boardbooks
Juvenile Fiction / Bedtime & Dreams
Preschool Picture Story Books
Juvenile Fiction / Social Situations / Emotions & Feelings
Social Situations - Emotions & Feelings
Children's Audio - 4-8
Toys, Dolls, & Puppets
Audio - Children's
Spies, fiction
Rider, alex (fictitious character), fiction
Non-classifiable
Picture books for children
Fiction, Romance, Contemporary, Life change events
Neurosurgeons
Businesswomen
Middle school students
JUVENILE FICTION / Legends, Myths, Fables
JUVENILE FICTION / Social Themes
Comic books, strips, etc.
Comic books, strips, etc.n.
Greece, fiction
Poséidon (Divinité grecque)
Hadès (Divinité grecque)
Zeus (Divinité grecque)
Scandals
Love-letters
nyt:young-adult-hardcover=2015-09-06
nyt:young-adult-paperback=2016-02-21
Novelas juveniles
Citas amorosas
Novela romántica
Presidents, united states, fiction
nyt:trade-fiction-paperback=2019-06-02
LGBTQ romance
the Elder Wand
dementors
dark magic
heroics
wizardry
witchcraft
war
Ecoles
Hogwarts School of Witchcraft and Wizardry (Imaginary place) -- Juvenile fiction
Potter, Harry (Fictitious character) -- Juvenile fiction
Wizards -- Fiction
Magos -- Ficción juvenil
Magia -- Ficción juvenil
Escuelas -- Ficción juvenil
England -- Fiction
Inglaterra -- Ficción juvenil
Fictional Works
Méchanceté
Quête (Littérature)
Illusion (performing art)
Schools (institutions)
Schools (buildings)
Animals Action & Adventure
Lewis, c. s. (clive staples), 1898-1963
Literary recreations
Questions and answers
Princesses, fiction
desertion
Sufism
Pashhtuns
domestic abuse
Tajiks
Taliban
Pinocchio
Intergenerational relations
Family sagas
Families -- Fiction.
Ehefrau
Arranged marriage
Ehemann
Unterdrückung
Afghanistan, fiction
Modern & contemporary fiction (post c 1945)
Frauenfreundschaft
Altersunterschied
nyt:trade-fiction-paperback=2008-12-14
Familia
Afganistán
JUVENILE FICTION / Action & Adventure / greek mythology / Percy Jackson
Voyages to the otherworld
Hell
Héra (Divinité grecque)
Roman adolescent anglais
Gigantes
Widows, fiction
Giants, fiction
Voyages dans d'autres mondes
Habitable planets
Cold cases (Criminal investigation)--Fiction.
Murder--Fiction.
Mystery and detective stories.
Murder, fiction
Criminals, fiction
Young adult fiction, law & crime
Young adult fiction, social themes, prejudice & racism
Young adult fiction, thrillers & suspense
nyt:young-adult-hardcover=2020-02-23
nyt:young-adult-paperback-monthly=2021-02-07
Young adult fiction, thrillers & suspense, general
Games
Circus performers
nyt:hardcover_fiction=2011-12-24
Psychokinesis
Fate and fatalism
Night
Competition (Psychology)
Stilton, Geronimo
Geronimo Stilton (Fictitious character)
Stilton, geronimo (fictitious character), fiction
dragon scardy mouse home Blossom cheese
Annabeth Chase
Hazel
Frank
Piper
Mark of Athena
JUVENILE FICTION / Legends, Myths, Fables / Other
nyt:series-books=2012-10-21
Hera (Personaje mitológico)
Rich people
Investments
Finanzas personales
Inversiones
Ricos
Riqueza
Financial security
Financiering
Huishoudingen
Hacienda privada
Investissements
Portfolios (financial records)
Finanças privadas
Investimentos
Fiction, science fiction, short stories
nyt:trade-fiction-paperback=2016-12-04
Automation
Adaptability (Psychology)
FICTION / Science Fiction / General
FICTION / Short Stories (single author)
Science fiction, american
Ps3603.h53 s76 2002
813/.6
Life change events--fiction
Change (psychology)--fiction
Automation--fiction
Human-alien encounters--fiction
Adaptability (psychology)--fiction
Ps3603.h53 a6 2016
Fic028000 fic029000
Fiction, science fiction, collections & anthologies
American
speculative fiction
Short Stories (single author)
Adult books for young adults
series
demons
loss (psychology)
fate and fatalism
voyages and travels
heroes and heroines
rulers
gods and goddesses
assassins
Alex Award winner
Magician
Asesinos
Antiheroes
nyt:mass-market-paperback=2015-01-04
contemporary fiction
racial segregation
mob mentality
Southern Gothic
southern life
racial injustice
class
courage
compassion
gender roles
laws
loss of innocence
rape trials
domestic fiction
legal stories
Lawyers
Trials (Rape)
Great Depression
African Americans
Father-daughter relationship,
Toleranz
Fiction, legal
Fathers and daughters, fiction
Lawyers, fiction
Padres e hijas
Procesos por violación
Father-daughter relationship
Muchachas
Procès (Viol)
Filles
Estados del Sur (Estados Unidos)
Childrens Media Tie-In Books
Children's Middle Grade Action & Adventure Books
Children's Picture Books
Avarice
Chocolat
Chocolate
Chocolate factories
Conducta
Eccentrics and eccentricities
Factories
Grandparent and child
Human behavior
Humourous stories
Juvenile Literature
Literatura juvenil
Wonka Bars
Willy Wonka (Fictitious character)
Charlie Bucket (Fictitious character)
Industrie
Behavior -- Fiction
Chocolate industry
Candy industry
Children's plays
Literatura angielska dla młodzieży
OverDrive
Candy
Suicide
Suicide, fiction
Indiana, fiction
nyt:young-adult-hardcover=2015-08-30
Manic-depressive illness in adolescence
Emotional problems of teenagers
Traffic accident victims
Depression
Bullying
nyt:young-adult-paperback-monthly=2020-03-08
Young adult fiction, social themes, death, grief, bereavement
Young adult fiction, romance, general
Young adult fiction, social themes, depression
Birds
Mothers, fiction
Imaginary Places
genetic engineering
Open Syllabus Project
relationships
New york (state), fiction
series:MaddAddam
Canadian fiction (fictional works by one author)
Self-realization
Conducta de vida
nyt:advice-how-to-and-miscellaneous=2016-10-02
gothic
series:dollanganger
doughnuts
incest
Gothic fiction
abused children
brothers and sisters
grandparents
child abuse
Abuso de niños
Abuelos
Social isolation
Inheritance and succession
Dollanger family (fictitious characters), fiction
Health and hygiene
collectionid:vcadg
Parent-Child Relations
Memorials
Fort Worth Library
?t?
Frères
R?cits humoristiques
Vacances
Deportes
Novela norteamericana
Novela costumbrista
Écoles moyennes
Parents et enfants
Socialisation
Children (people by age group)
crystal balls
parallel universes
gunfighters
trains
heroes
Roland (Fictitious character : King) -- Fiction.
Folklore
Gatos
Cat in the hat (fictitious character), fiction
Cat in the Hat (Fictitious character)
Student activities
Creative activities and seat work
Chats
Histoires rim?es
Hats, fiction
Cats--poetry
Cats--fiction
Caldecott Medal
Fantasty
Accelerated Reader 2.9.
Caldecott Medal books
Hispanic & Latino
French Juvenile fiction
Juvenile fiction, French
collectionID:caldecott60
Dreams, fiction
Littérature de jeunesse anglaise
award:Caldecott_award
lexile:740
lexile_code:AD
age:min:1
age:max:5
Ergonomie
Industrial Psychology
Industriële vormgeving
Industrial Design
Psychology textbooks
Psychological aspects of Industrial design
Textbooks
Aspect psychologique
Design
Humanities textbooks
Projetos (administracao)
Human engineering
Livres numériques
Ergonomics
E-books
Industries
Retailing
Product
PSYCHOLOGY
Electronic books
Industriell formgivning
Industries / Retailing
Mechanical Engineering
Engineering & Applied Sciences
Industrial & Management Engineering
Industrial design--psychological aspects
Psychology, industrial
Ts171.4 .n67 1990
Ts 171.4 n842p 1990
620.8/2
Business & economics--industries--retailing
Psychology--applied psychology
Design--product
Industriell formgivning--psykologiska aspekter
Ts171.4 .n67 2013
745.2019
745.2001/9
Bus057000 psy003000 des011000
severe poverty
starvation
oppression
effects of war
self-sacrifice
Apocalyptic fiction
contensts
Game shows
Television programs
nyt:series_books=2010-08-21
Reality television programs
Television game shows
Television, fiction
violent
life risking
bravery.
Émissions televiseés
Programas de televisión
Concursos
Fantastische Erzahlung
Contests Fiction
Fictional Work
Interpersonal relations Fiction
Jeux télévisés Romans, nouvelles, etc. pour la jeunesse
Reality television programs Fiction
Reality television programs Juvenile fiction
Survival Fiction
Survival skills Fiction
Television game shows Juvenile fiction
Television programs Fiction
Émissions télévisées
Televisión
Programas
Competencias
American literature, study and teaching
Anthologies
Percy Jackson (Fictional character)
JUVENILE FICTION / Fairy Tales & Folklore / Anthologies
Fairy Tales & Folklore
nyt:childrens-middle-grade=2014-09-07
Adventure stories (Children's / Teenage)
Traditional stories (Children's / Teenage)
Conduct of life, fiction
Appearance (Philosophy)
Youthfulness
Portraits
Apparence (Philosophie)
Juvénilité
Comics & graphic novels, fantasy
Future life
Soul
Didactic fiction
Fiction, fantasy, paranormal
LGBTQ novels before Stonewall
European
English, Irish, Scottish, Welsh
Drama, history and criticism
Hedonism
Classic fiction
Influence (Psychology)
Novela psicología
Painting, fiction
Picture of Dorian Gray (Wilde, Oscar)
English literature, history and criticism, 19th century
Immortality
Irish Occult fiction
Issues of Presses
Le livre.
Appearance (philosophy)--fiction
Conduct of life--fiction
Portraits--fiction
Pr5819 .a1 1998b
823/.8
nyt:trade_fiction_paperback=2008-10-26
nyt:trade_fiction_paperback=2009-09-26
Bacha bazi
Soviet-Afghan war
Mullahs
sadistic personality disorder
brass knuckles
fighter kites
Pashtuns
Hazaras
Competitions
Kites
Amistad entre hombres
Social Class
Afghanistan-Konflikt
Soziale Ungleichheit
Arabic fiction
Afghans
Afghanistan
Talibans
Novelas afganas
Social classes&#x200B;
Trahison (Morale)
Male friendship--fiction
Social classes--fiction
Betrayal--fiction
Boys--fiction
World literature
Fiction subjects
Translations into Persian
Teen & Young Adult Fiction
Teen & Young Adult Historical Fiction
Teen & Young Adult Social Issues
naivety
gas chambers
Commandants
Concentration camps
Concentration camps in fiction
Historical Fiction
Nazis
Nazis in fiction
World War II
1939-1945 in fiction
Auschwitz (Concentration camp)
Holocaust, jewish (1939-1945), fiction
Poland, fiction
Concentration camps, fiction
nyt:paperback-books=2008-11-23
Nazi concentration camps
Holocaust, 1939-1945
Camps de concentration
Holocauste, 1939-1945
Guerre mondiale (1939-1945)
Shoah
Guerre mondiale 1939-1945
Auschwitz (Pologne : Camp de concentration)
Konzentrationslager
Deutscher Junge
Gefangener
Episcopal School of Dallas
5th grade
Auschwitz
Auschwitz ; IND: c / Konzentrationslager ; SWD-ID: 40036972
Berlin (germany), fiction
Konzentrationslager Auschwitz
Auschwitz - Konzentrationslager
Jewish children in the Holocaust
Nazi concentration camp inmates
Children of Nazis
Enfants juifs pendant l'Holocauste
Détenus de camp de concentration nazi
Enfants de nazis
Arbeitserziehungslager Jägala
Concentration camp inmates
Ciencia
Obras populares
Science, popular works
Obras de divulgacio n.
Natuurwetenschappen
Ouvrages de vulgarisation
Wetenschapsbeoefening
Origin
Life
Culture
Human beings
30.01 history of the exact sciences
Naturwissenschaften
Wetenschapsfilosofie
Natuurlijke historie
Einfu hrung
Geology. Earth sciences
Science--popular works
Q162 .b88 2003
Q162 b916s 2003
500
Science - general & miscellaneous
History & philosophy of science
Civilization - history
Diffusion of innovations
New products
BUSINESS & ECONOMICS / Entrepreneurship
BUSINESS & ECONOMICS / Small Business
POLITICAL SCIENCE / Public Policy / Economic Policy
Small Business
POLITICAL SCIENCE
Public Policy
Economic Policy
Unternehmensgründung
Geschäftsidee
Produktinnovation
Pionierunternehmen
Företagsetablering
Entreprenörskap
Innovationsspridning
nyt:advice-how-to-and-miscellaneous=2014-10-05
Hd62.5 .t525 2014
658.1/1
Bus025000 bus060000 pol024000
Neanderthals
shamanism
sign language
taboos
prehistoric fiction
prehistoric man
Prehistoric peoples
Ayla (Fictitious character)
Glacial epoch
Ayla (fictitious character : auel), fiction
Europe, fiction
Préhistoire
Ayla (Fictional character)
Ice age
Primitive societies
migrant labor
depravity
beneficence
the struggle for acceptance
self-destruction
guilt
freedom
Twins
Sibling rivalry
Rivaldad entre hermanos
Niños de prostitutas
Rural families
Children of prostitutes
Jealousy
Jalousie
Riches
Vida social y costumbres
Migrant labor
Depravity
Beneficence
The struggle for acceptance
Self-destruction
Guilt
Freedom
Literary fiction
Classic literature
Open_syllabus_project
Conclusions
amorality
Anglo-Saxons
Apaces
aristocracy
banks
barques
beryls
brain fever
bushrangers
cabinet cards
carbuncles
Christmas dinners
churches
commissionaires
Confederate States Army
coronets
counterfeit money
Crime & Mystery Fiction
darkrooms
electric blue
Encyclopædia Britannica
English Mastiffs
English Short stories
footprints
Fuller's earth
governesses
half-pennies
Honourable Society of the Inner Temple
hydraulic presses
jewellery
Ku Klux Klan
lascars
locked-room mysteries
maids
Mystery and Suspense
opium dens
pawnbrokers
pennies
police inspectors
prima donnas
prospecting
red hair
revolvers
sailing ships
Short Stories
smoke bombs
snow
thumbs
Adventures of Sherlock Holmes (Doyle, Arthur Conan)
Influence
Influence (Literary, artistic, etc.)
Sherlock (Television program : 2010- )
LITERARY CRITICISM / European / English, Irish, Scottish, Welsh
Doyle, arthur conan, sir, 1859-1930, fiction
Mystery and detective
Detectives in literature
Fiction, mystery & detective, collections & anthologies
Nowele kryminalne angielskie
Detective Verhalen Nederlands Sherlock Holmes Avonturen
Typhon (Greek mythology)
Nestlé Smarties Book Prize winner
Wizards -- Juvenile fiction
Aunts
Uncles
Determination (Personality trait) in children
Witches Fiction
Wizards Fiction
Schools Fiction
England Fiction
Magic -- Juvenile fiction
Schools -- Juvenile fiction
England -- Juvenile fiction
Engels
Nécromancie
Magía
Sieg
Basilisk
List
Kampf
Schule
Basilisk (Fabeltier)
Phönix
Deutschland Grenzschutzkommando Mitte Schule
Deutschland
Hogwartes School of Witchcraft and Wizardry (Imaginary place)
Braille books
award:hugo_award=1996
Nanotechnology
nyt:combined-print-and-e-book-fiction=2014-03-23
Great powers
Grandes puissances
contemporary
grief
regret
second chances
love triangle
family
juvenile fantasy fiction
Bram Stoker Award winner
Whitbread Book Award winner
Potter, Harry (Caracter ficticio)
Hogwarts School of Witchcraft and Wizardry (Lugar imaginario)
Schulferien
Verrat
Lüge
Rache
Children stories
Trees
Generosity
Sacrifice
Arboles
Accelerated Reader 1.6.
Multigenerational
Trees, fiction
Modern Literature
Mental Healing
Latin language, readers
River life
Toad of Toad Hall (Fictitious character)
Legends and stories of Animals
Forests and forestry
Children: Grades 3-4
Home
Hospitality
Toads
Moles
Badgers
Toad of Toad Hall (Fictional character)
Winds, fiction
Moles (Animals)
Rivers
Landscapes
Disguise
Self-destructive behavior
Otters
Weasels
Dwellings
Lost articles
Crapauds
Taupes
Blaireaux
Paysages
Déguisement
Morale
Névroses obsessionnelles
Comportement autodestructeur
Loutres
Évasions
Voleurs
Belettes
Habitations
Objets perdus
Moles (animals), fiction
Rivers, fiction
Forests and forestry, fiction
first-person narrative
psychological fiction
Gothic novels
Homeless persons, fiction
Child sexual abuse, fiction
Self-mutilation, fiction
Action & Adventure Fiction
air guns
Americans
ancestors
anise
anonymity
aortic aneurysm
asphyxiation
attempted murder
baritsu
Battle of Maiwand
blackmail
brandy
brokers
broughams
burglary
butlers
cattle
cavaliers
clerks
coal tar
coffee
constables
consumption
convict
cottages
crime bosses
crime scenes
deformities
defrocking
detectives in literature
domestic violence
Egyptian cigarettes
elms
English children's stories
extortion
fingerprints
forges
frequency analysis
gemstones
gold
handwriting
hanging
hemoglobin
horse gaits
horse racing
horseshoes
hurdling
Intestacy
Justices of the Peace
kidnapping
lecturers
long jumpers
maps
meres
mixed race children
moorland
murder-suicide
Nihilism
oaks
opium
penal labour
pince-nez glasses
pioneers
plumbers
poison
police
preparatory schools
prime ministers
proofs
race horses
ransoms
redundancy
Rhodesian Police
Romani
rugby unions
Russians
scalpels
scholarship
school caps
Scottish Terriers
scrips
Second Anglo-Afghan War
secretaries of state
soft-point bullets
stick figures
study
substitution ciphers
telegraphy
tests
The Church of Jesus Christ and Latter-day Saints
tobacco pipes
track spikes
traps
treaties
Trichinopoly cigars
tutors
wax sculptures
weddings
whist
yellow fever
FICTION / Classics
FICTION / Mystery & Detective / Traditional British
Fiction, mystery & detective, short stories
crime novel
English Civil War
mires
tors
tombs
Sherlock Holmes
Electron optics
Radiography
Diffraction
YA fiction
heist
Brigands and robbers
Robbers and outlaws, fiction
nyt:young-adult-e-book=2015-10-18
Canadian poetry
Poetry (poetic works by one author)
nyt:trade-fiction-paperback=2016-05-01
BODY, MIND & SPIRIT
Lyrik
Kvinnor
collectionID:KellerChallenge
banned books
collectionID:AlpineChallenge
FICTION / Romance
hunting
foodies
feral pigs
wild mushrooms
abalone
salads
leaf vegetables
sourdough
wild yeast
cherries
Whole Foods Market
omnivores
food chains
organic food
American cuisine
nyt:paperback_nonfiction=2008-10-04
GT2850
Agriculture
Habitudes alimentaires
Feeding Behavior
Ernährungsgewohnheit
Préférences alimentaires
Ernährungsökologie
Eating customs
Nahrungskette
Food chains (ecology)
COOKING
HEALTH & FITNESS
Diet & Nutrition
Nutrition
SOCIAL SCIENCE
Agriculture & Food
Essgewohnheit
Kochen
COOKING / History
HEALTH & FITNESS / Diet & Nutrition / Nutrition
SOCIAL SCIENCE / Agriculture & Food
Biological evolution
Maaltijden
Eetcultuur
Hábitos alimentares
Gt2850 .p65 2006
Gt 2850 p65 2006
394.1/2
Food supply
Food supply -- Juvenile literature
Food chains (Ecology) -- Juvenile literature
Food supply, juvenile literature
Ecology
Ecology, juvenile literature
Food industry and trade
Aliments
Foods
Feeding habits
Matkultur
Livsmedelskonsumtion
Préférences alimentaires
Alimentos -- Preferencias
COOKING -- History
HEALTH & FITNESS -- Diet & Nutrition -- Nutrition
SOCIAL SCIENCE -- Anthropology
Hábitos alimenticios
Assassins
Court and courtiers
Cour et courtisans
Prisonniers
Assassin
killer
king
princess
prince
lunch
[series:Throne_of_Glass]
nyt:trade-fiction-paperback=2024-06-02
