title,ol_key,last_created_by,last_created_at,last_modified_by,last_modified_at
'The Phoenix Project','/works/OL16806686W','a2bec9ef-28a6-41cb-937b-adaf51dd5ca7','2025-02-24 23:14:57','a2bec9ef-28a6-41cb-937b-adaf51dd5ca7','2025-02-24 23:14:57'
'The Lathe of Heaven','/works/OL59858W','a2bec9ef-28a6-41cb-937b-adaf51dd5ca7','2025-02-24 23:14:57','a2bec9ef-28a6-41cb-937b-adaf51dd5ca7','2025-02-24 23:14:57'
'The Colour of Magic','/works/OL453657W','a2bec9ef-28a6-41cb-937b-adaf51dd5ca7','2025-02-24 23:14:57','a2bec9ef-28a6-41cb-937b-adaf51dd5ca7','2025-02-24 23:14:57'
'Rendezvous with Rama','/works/OL17417W','a2bec9ef-28a6-41cb-937b-adaf51dd5ca7','2025-02-24 23:14:57','a2bec9ef-28a6-41cb-937b-adaf51dd5ca7','2025-02-24 23:14:57'
'The Summer I Turned Pretty Trilogy','/works/OL17508740W','a2bec9ef-28a6-41cb-937b-adaf51dd5ca7','2025-02-24 23:14:57','a2bec9ef-28a6-41cb-937b-adaf51dd5ca7','2025-02-24 23:14:57'
'Do Androids Dream of Electric Sheep?','/works/OL2172356W','a2bec9ef-28a6-41cb-937b-adaf51dd5ca7','2025-02-24 23:14:57','a2bec9ef-28a6-41cb-937b-adaf51dd5ca7','2025-02-24 23:14:57'
'The Way of Kings','/works/OL15358691W','a2bec9ef-28a6-41cb-937b-adaf51dd5ca7','2025-02-24 23:14:57','a2bec9ef-28a6-41cb-937b-adaf51dd5ca7','2025-02-24 23:14:57'
'The Intelligent Investor','/works/OL21152532W','a2bec9ef-28a6-41cb-937b-adaf51dd5ca7','2025-02-24 23:14:57','a2bec9ef-28a6-41cb-937b-adaf51dd5ca7','2025-02-24 23:14:57'
'A Feast for Crows','/works/OL257948W','a2bec9ef-28a6-41cb-937b-adaf51dd5ca7','2025-02-24 23:14:57','a2bec9ef-28a6-41cb-937b-adaf51dd5ca7','2025-02-24 23:14:57'
'Read People Like a Book','/works/OL25291486W','a2bec9ef-28a6-41cb-937b-adaf51dd5ca7','2025-02-24 23:14:57','a2bec9ef-28a6-41cb-937b-adaf51dd5ca7','2025-02-24 23:14:57'
'Don't Let the Pigeon Drive the Bus!','/works/OL5760013W','a2bec9ef-28a6-41cb-937b-adaf51dd5ca7','2025-02-24 23:14:57','a2bec9ef-28a6-41cb-937b-adaf51dd5ca7','2025-02-24 23:14:57'
'The Long Way to a Small, Angry Planet','/works/OL17716925W','a2bec9ef-28a6-41cb-937b-adaf51dd5ca7','2025-02-24 23:14:57','a2bec9ef-28a6-41cb-937b-adaf51dd5ca7','2025-02-24 23:14:57'
'Harry Potter and the Half-Blood Prince','/works/OL82565W','a2bec9ef-28a6-41cb-937b-adaf51dd5ca7','2025-02-24 23:14:57','a2bec9ef-28a6-41cb-937b-adaf51dd5ca7','2025-02-24 23:14:57'
'I'm Glad My Mom Died','/works/OL26663382W','a2bec9ef-28a6-41cb-937b-adaf51dd5ca7','2025-02-24 23:14:57','a2bec9ef-28a6-41cb-937b-adaf51dd5ca7','2025-02-24 23:14:57'
'They Both Die at the End','/works/OL19713513W','a2bec9ef-28a6-41cb-937b-adaf51dd5ca7','2025-02-24 23:14:57','a2bec9ef-28a6-41cb-937b-adaf51dd5ca7','2025-02-24 23:14:57'
'Where the Crawdads Sing','/works/OL18766691W','a2bec9ef-28a6-41cb-937b-adaf51dd5ca7','2025-02-24 23:14:57','a2bec9ef-28a6-41cb-937b-adaf51dd5ca7','2025-02-24 23:14:57'
'The Importance of Being Earnest','/works/OL27776452W','a2bec9ef-28a6-41cb-937b-adaf51dd5ca7','2025-02-24 23:14:57','a2bec9ef-28a6-41cb-937b-adaf51dd5ca7','2025-02-24 23:14:57'
'The Lean Startup','/works/OL16086010W','a2bec9ef-28a6-41cb-937b-adaf51dd5ca7','2025-02-24 23:14:57','a2bec9ef-28a6-41cb-937b-adaf51dd5ca7','2025-02-24 23:14:57'
'Mrs. Frisby and the Rats of Nimh','/works/OL5092623W','a2bec9ef-28a6-41cb-937b-adaf51dd5ca7','2025-02-24 23:14:57','a2bec9ef-28a6-41cb-937b-adaf51dd5ca7','2025-02-24 23:14:57'
'The Foundation Trilogy','/works/OL46390W','a2bec9ef-28a6-41cb-937b-adaf51dd5ca7','2025-02-24 23:14:57','a2bec9ef-28a6-41cb-937b-adaf51dd5ca7','2025-02-24 23:14:57'
'The Color Purple','/works/OL273644W','a2bec9ef-28a6-41cb-937b-adaf51dd5ca7','2025-02-24 23:14:57','a2bec9ef-28a6-41cb-937b-adaf51dd5ca7','2025-02-24 23:14:57'
'The Hero of Ages','/works/OL5738154W','a2bec9ef-28a6-41cb-937b-adaf51dd5ca7','2025-02-24 23:14:57','a2bec9ef-28a6-41cb-937b-adaf51dd5ca7','2025-02-24 23:14:57'
'The School for Good and Evil','/works/OL16810944W','a2bec9ef-28a6-41cb-937b-adaf51dd5ca7','2025-02-24 23:14:57','a2bec9ef-28a6-41cb-937b-adaf51dd5ca7','2025-02-24 23:14:57'
'The Light Fantastic','/works/OL453680W','a2bec9ef-28a6-41cb-937b-adaf51dd5ca7','2025-02-24 23:14:57','a2bec9ef-28a6-41cb-937b-adaf51dd5ca7','2025-02-24 23:14:57'
'The Lord of the Rings','/works/OL27448W','a2bec9ef-28a6-41cb-937b-adaf51dd5ca7','2025-02-24 23:14:57','a2bec9ef-28a6-41cb-937b-adaf51dd5ca7','2025-02-24 23:14:57'
'The Fall of Hyperion','/works/OL1963251W','a2bec9ef-28a6-41cb-937b-adaf51dd5ca7','2025-02-24 23:14:57','a2bec9ef-28a6-41cb-937b-adaf51dd5ca7','2025-02-24 23:14:57'
'The Summer I Turned Pretty','/works/OL5819962W','a2bec9ef-28a6-41cb-937b-adaf51dd5ca7','2025-02-24 23:14:57','a2bec9ef-28a6-41cb-937b-adaf51dd5ca7','2025-02-24 23:14:57'
'Before they are hanged','/works/OL8400946W','a2bec9ef-28a6-41cb-937b-adaf51dd5ca7','2025-02-24 23:14:57','a2bec9ef-28a6-41cb-937b-adaf51dd5ca7','2025-02-24 23:14:57'
'The Song of Achilles','/works/OL16509148W','a2bec9ef-28a6-41cb-937b-adaf51dd5ca7','2025-02-24 23:14:57','a2bec9ef-28a6-41cb-937b-adaf51dd5ca7','2025-02-24 23:14:57'
'The Richest Man in Babylon','/works/OL8165007W','a2bec9ef-28a6-41cb-937b-adaf51dd5ca7','2025-02-24 23:14:57','a2bec9ef-28a6-41cb-937b-adaf51dd5ca7','2025-02-24 23:14:57'
'Things Fall Apart','/works/OL891786W','a2bec9ef-28a6-41cb-937b-adaf51dd5ca7','2025-02-24 23:14:57','a2bec9ef-28a6-41cb-937b-adaf51dd5ca7','2025-02-24 23:14:57'
'The Hitch Hiker's Guide to the Galaxy','/works/OL2163649W','a2bec9ef-28a6-41cb-937b-adaf51dd5ca7','2025-02-24 23:14:57','a2bec9ef-28a6-41cb-937b-adaf51dd5ca7','2025-02-24 23:14:57'
'Thinking, fast and slow','/works/OL15992072W','a2bec9ef-28a6-41cb-937b-adaf51dd5ca7','2025-02-24 23:14:57','a2bec9ef-28a6-41cb-937b-adaf51dd5ca7','2025-02-24 23:14:57'
'Anne of Green Gables','/works/OL77746W','a2bec9ef-28a6-41cb-937b-adaf51dd5ca7','2025-02-24 23:14:57','a2bec9ef-28a6-41cb-937b-adaf51dd5ca7','2025-02-24 23:14:57'
'The Fault in Our Stars','/works/OL16444438W','a2bec9ef-28a6-41cb-937b-adaf51dd5ca7','2025-02-24 23:14:57','a2bec9ef-28a6-41cb-937b-adaf51dd5ca7','2025-02-24 23:14:57'
'Turtles All the Way Down','/works/OL17842319W','a2bec9ef-28a6-41cb-937b-adaf51dd5ca7','2025-02-24 23:14:57','a2bec9ef-28a6-41cb-937b-adaf51dd5ca7','2025-02-24 23:14:57'
'Death's End (The Three-Body Problem Series Book 3)','/works/OL17610507W','a2bec9ef-28a6-41cb-937b-adaf51dd5ca7','2025-02-24 23:14:57','a2bec9ef-28a6-41cb-937b-adaf51dd5ca7','2025-02-24 23:14:57'
'The Deep End','/works/OL20890488W','a2bec9ef-28a6-41cb-937b-adaf51dd5ca7','2025-02-24 23:14:57','a2bec9ef-28a6-41cb-937b-adaf51dd5ca7','2025-02-24 23:14:57'
'Forward the Foundation','/works/OL46299W','a2bec9ef-28a6-41cb-937b-adaf51dd5ca7','2025-02-24 23:14:57','a2bec9ef-28a6-41cb-937b-adaf51dd5ca7','2025-02-24 23:14:57'
'Flowers for Algernon','/works/OL515754W','a2bec9ef-28a6-41cb-937b-adaf51dd5ca7','2025-02-24 23:14:57','a2bec9ef-28a6-41cb-937b-adaf51dd5ca7','2025-02-24 23:14:57'
'Call Me by Your Name','/works/OL8034526W','a2bec9ef-28a6-41cb-937b-adaf51dd5ca7','2025-02-24 23:14:57','a2bec9ef-28a6-41cb-937b-adaf51dd5ca7','2025-02-24 23:14:57'
'The Love Hypothesis','/works/OL24178205W','a2bec9ef-28a6-41cb-937b-adaf51dd5ca7','2025-02-24 23:14:57','a2bec9ef-28a6-41cb-937b-adaf51dd5ca7','2025-02-24 23:14:57'
'The Son of Neptune','/works/OL15980243W','a2bec9ef-28a6-41cb-937b-adaf51dd5ca7','2025-02-24 23:14:57','a2bec9ef-28a6-41cb-937b-adaf51dd5ca7','2025-02-24 23:14:57'
'El amor en los tiempos del cólera','/works/OL274518W','a2bec9ef-28a6-41cb-937b-adaf51dd5ca7','2025-02-24 23:14:57','a2bec9ef-28a6-41cb-937b-adaf51dd5ca7','2025-02-24 23:14:57'
'The moon is a harsh mistress','/works/OL59704W','a2bec9ef-28a6-41cb-937b-adaf51dd5ca7','2025-02-24 23:14:57','a2bec9ef-28a6-41cb-937b-adaf51dd5ca7','2025-02-24 23:14:57'
'The Man Who Mistook His Wife for a Hat and Other Clinical Tales','/works/OL1811898W','a2bec9ef-28a6-41cb-937b-adaf51dd5ca7','2025-02-24 23:14:57','a2bec9ef-28a6-41cb-937b-adaf51dd5ca7','2025-02-24 23:14:57'
'The Battle of the Labyrinth','/works/OL492640W','a2bec9ef-28a6-41cb-937b-adaf51dd5ca7','2025-02-24 23:14:57','a2bec9ef-28a6-41cb-937b-adaf51dd5ca7','2025-02-24 23:14:57'
'The Bad Beginning','/works/OL15104144W','a2bec9ef-28a6-41cb-937b-adaf51dd5ca7','2025-02-24 23:14:57','a2bec9ef-28a6-41cb-937b-adaf51dd5ca7','2025-02-24 23:14:57'
'The Secret History','/works/OL4321141W','a2bec9ef-28a6-41cb-937b-adaf51dd5ca7','2025-02-24 23:14:57','a2bec9ef-28a6-41cb-937b-adaf51dd5ca7','2025-02-24 23:14:57'
'Simon vs. the Homo Sapiens Agenda','/works/OL17357353W','a2bec9ef-28a6-41cb-937b-adaf51dd5ca7','2025-02-24 23:14:57','a2bec9ef-28a6-41cb-937b-adaf51dd5ca7','2025-02-24 23:14:57'
'The Long Haul','/works/OL17076678W','a2bec9ef-28a6-41cb-937b-adaf51dd5ca7','2025-02-24 23:14:57','a2bec9ef-28a6-41cb-937b-adaf51dd5ca7','2025-02-24 23:14:57'
'The Murder of Roger Ackroyd','/works/OL471932W','a2bec9ef-28a6-41cb-937b-adaf51dd5ca7','2025-02-24 23:14:57','a2bec9ef-28a6-41cb-937b-adaf51dd5ca7','2025-02-24 23:14:57'
'A Clockwork Orange','/works/OL261794W','a2bec9ef-28a6-41cb-937b-adaf51dd5ca7','2025-02-24 23:14:57','a2bec9ef-28a6-41cb-937b-adaf51dd5ca7','2025-02-24 23:14:57'
'Il nome della rosa','/works/OL8996439W','a2bec9ef-28a6-41cb-937b-adaf51dd5ca7','2025-02-24 23:14:57','a2bec9ef-28a6-41cb-937b-adaf51dd5ca7','2025-02-24 23:14:57'
'The Underground Railroad','/works/OL17619932W','a2bec9ef-28a6-41cb-937b-adaf51dd5ca7','2025-02-24 23:14:57','a2bec9ef-28a6-41cb-937b-adaf51dd5ca7','2025-02-24 23:14:57'
'Last Argument of Kings','/works/OL8400952W','a2bec9ef-28a6-41cb-937b-adaf51dd5ca7','2025-02-24 23:14:57','a2bec9ef-28a6-41cb-937b-adaf51dd5ca7','2025-02-24 23:14:57'
'Don't Believe Everything You Think','/works/OL28098879W','a2bec9ef-28a6-41cb-937b-adaf51dd5ca7','2025-02-24 23:14:57','a2bec9ef-28a6-41cb-937b-adaf51dd5ca7','2025-02-24 23:14:57'
'Think and Grow Rich','/works/OL527464W','a2bec9ef-28a6-41cb-937b-adaf51dd5ca7','2025-02-24 23:14:57','a2bec9ef-28a6-41cb-937b-adaf51dd5ca7','2025-02-24 23:14:57'
'Alice's Adventures in Wonderland','/works/OL138052W','a2bec9ef-28a6-41cb-937b-adaf51dd5ca7','2025-02-24 23:14:57','a2bec9ef-28a6-41cb-937b-adaf51dd5ca7','2025-02-24 23:14:57'
'The Pragmatic Programmer','/works/OL5748544W','a2bec9ef-28a6-41cb-937b-adaf51dd5ca7','2025-02-24 23:14:57','a2bec9ef-28a6-41cb-937b-adaf51dd5ca7','2025-02-24 23:14:57'
'The Seven Husbands of Evelyn Hugo','/works/OL18203673W','a2bec9ef-28a6-41cb-937b-adaf51dd5ca7','2025-02-24 23:14:57','a2bec9ef-28a6-41cb-937b-adaf51dd5ca7','2025-02-24 23:14:57'
'The fellowship of the ring','/works/OL27513W','a2bec9ef-28a6-41cb-937b-adaf51dd5ca7','2025-02-24 23:14:57','a2bec9ef-28a6-41cb-937b-adaf51dd5ca7','2025-02-24 23:14:57'
'King of Wrath','/works/OL28744393W','a2bec9ef-28a6-41cb-937b-adaf51dd5ca7','2025-02-24 23:14:57','a2bec9ef-28a6-41cb-937b-adaf51dd5ca7','2025-02-24 23:14:57'
'Me Before You','/works/OL16817509W','a2bec9ef-28a6-41cb-937b-adaf51dd5ca7','2025-02-24 23:14:57','a2bec9ef-28a6-41cb-937b-adaf51dd5ca7','2025-02-24 23:14:57'
'The Graveyard Book','/works/OL679348W','a2bec9ef-28a6-41cb-937b-adaf51dd5ca7','2025-02-24 23:14:57','a2bec9ef-28a6-41cb-937b-adaf51dd5ca7','2025-02-24 23:14:57'
'The Return of the King','/works/OL27455W','a2bec9ef-28a6-41cb-937b-adaf51dd5ca7','2025-02-24 23:14:57','a2bec9ef-28a6-41cb-937b-adaf51dd5ca7','2025-02-24 23:14:57'
'Harry Potter and the Goblet of Fire','/works/OL82560W','a2bec9ef-28a6-41cb-937b-adaf51dd5ca7','2025-02-24 23:14:57','a2bec9ef-28a6-41cb-937b-adaf51dd5ca7','2025-02-24 23:14:57'
'The Adventures of Captain Underpants','/works/OL14871228W','a2bec9ef-28a6-41cb-937b-adaf51dd5ca7','2025-02-24 23:14:57','a2bec9ef-28a6-41cb-937b-adaf51dd5ca7','2025-02-24 23:14:57'
'The Phantom Tollbooth','/works/OL1636262W','a2bec9ef-28a6-41cb-937b-adaf51dd5ca7','2025-02-24 23:14:57','a2bec9ef-28a6-41cb-937b-adaf51dd5ca7','2025-02-24 23:14:57'
'The Silent Patient','/works/OL19096402W','a2bec9ef-28a6-41cb-937b-adaf51dd5ca7','2025-02-24 23:14:57','a2bec9ef-28a6-41cb-937b-adaf51dd5ca7','2025-02-24 23:14:57'
'Green Eggs and Ham','/works/OL1898308W','a2bec9ef-28a6-41cb-937b-adaf51dd5ca7','2025-02-24 23:14:57','a2bec9ef-28a6-41cb-937b-adaf51dd5ca7','2025-02-24 23:14:57'
'The Collapsing Empire (The Interdependency Book 1)','/works/OL19340214W','a2bec9ef-28a6-41cb-937b-adaf51dd5ca7','2025-02-24 23:14:57','a2bec9ef-28a6-41cb-937b-adaf51dd5ca7','2025-02-24 23:14:57'
'The Gathering Storm','/works/OL1946681W','a2bec9ef-28a6-41cb-937b-adaf51dd5ca7','2025-02-24 23:14:57','a2bec9ef-28a6-41cb-937b-adaf51dd5ca7','2025-02-24 23:14:57'
'The Lightning Thief','/works/OL492658W','a2bec9ef-28a6-41cb-937b-adaf51dd5ca7','2025-02-24 23:14:57','a2bec9ef-28a6-41cb-937b-adaf51dd5ca7','2025-02-24 23:14:57'
'Number the Stars','/works/OL1846074W','a2bec9ef-28a6-41cb-937b-adaf51dd5ca7','2025-02-24 23:14:57','a2bec9ef-28a6-41cb-937b-adaf51dd5ca7','2025-02-24 23:14:57'
'The Girl with the Dragon Tattoo','/works/OL24433230W','a2bec9ef-28a6-41cb-937b-adaf51dd5ca7','2025-02-24 23:14:57','a2bec9ef-28a6-41cb-937b-adaf51dd5ca7','2025-02-24 23:14:57'
'Harry Potter and the Order of the Phoenix','/works/OL82548W','a2bec9ef-28a6-41cb-937b-adaf51dd5ca7','2025-02-24 23:14:57','a2bec9ef-28a6-41cb-937b-adaf51dd5ca7','2025-02-24 23:14:57'
'No Longer Human','/works/OL3923956W','a2bec9ef-28a6-41cb-937b-adaf51dd5ca7','2025-02-24 23:14:57','a2bec9ef-28a6-41cb-937b-adaf51dd5ca7','2025-02-24 23:14:57'
'Speaker for the Dead','/works/OL49580W','a2bec9ef-28a6-41cb-937b-adaf51dd5ca7','2025-02-24 23:14:57','a2bec9ef-28a6-41cb-937b-adaf51dd5ca7','2025-02-24 23:14:57'
'The Two Towers','/works/OL27479W','a2bec9ef-28a6-41cb-937b-adaf51dd5ca7','2025-02-24 23:14:57','a2bec9ef-28a6-41cb-937b-adaf51dd5ca7','2025-02-24 23:14:57'
'Brown Bear, Brown Bear, What Do You See?','/works/OL59133W','a2bec9ef-28a6-41cb-937b-adaf51dd5ca7','2025-02-24 23:14:57','a2bec9ef-28a6-41cb-937b-adaf51dd5ca7','2025-02-24 23:14:57'
'The Cruel Prince','/works/OL17850410W','a2bec9ef-28a6-41cb-937b-adaf51dd5ca7','2025-02-24 23:14:57','a2bec9ef-28a6-41cb-937b-adaf51dd5ca7','2025-02-24 23:14:57'
'Wings of Fire','/works/OL1037811W','a2bec9ef-28a6-41cb-937b-adaf51dd5ca7','2025-02-24 23:14:57','a2bec9ef-28a6-41cb-937b-adaf51dd5ca7','2025-02-24 23:14:57'
'Where the Sidewalk Ends','/works/OL3368289W','a2bec9ef-28a6-41cb-937b-adaf51dd5ca7','2025-02-24 23:14:57','a2bec9ef-28a6-41cb-937b-adaf51dd5ca7','2025-02-24 23:14:57'
'Life, the Universe and Everything','/works/OL2163623W','a2bec9ef-28a6-41cb-937b-adaf51dd5ca7','2025-02-24 23:14:57','a2bec9ef-28a6-41cb-937b-adaf51dd5ca7','2025-02-24 23:14:57'
'A Storm of Swords','/works/OL257914W','a2bec9ef-28a6-41cb-937b-adaf51dd5ca7','2025-02-24 23:14:57','a2bec9ef-28a6-41cb-937b-adaf51dd5ca7','2025-02-24 23:14:57'
'Gideon the Ninth','/works/OL20128158W','a2bec9ef-28a6-41cb-937b-adaf51dd5ca7','2025-02-24 23:14:57','a2bec9ef-28a6-41cb-937b-adaf51dd5ca7','2025-02-24 23:14:57'
'The Power of Positive Thinking','/works/OL2917168W','a2bec9ef-28a6-41cb-937b-adaf51dd5ca7','2025-02-24 23:14:57','a2bec9ef-28a6-41cb-937b-adaf51dd5ca7','2025-02-24 23:14:57'
'The Sign of Four','/works/OL262438W','a2bec9ef-28a6-41cb-937b-adaf51dd5ca7','2025-02-24 23:14:57','a2bec9ef-28a6-41cb-937b-adaf51dd5ca7','2025-02-24 23:14:57'
'Mark Z. Danielewski's House of leaves','/works/OL32195W','a2bec9ef-28a6-41cb-937b-adaf51dd5ca7','2025-02-24 23:14:57','a2bec9ef-28a6-41cb-937b-adaf51dd5ca7','2025-02-24 23:14:57'
'Death of a Salesman','/works/OL66346W','a2bec9ef-28a6-41cb-937b-adaf51dd5ca7','2025-02-24 23:14:57','a2bec9ef-28a6-41cb-937b-adaf51dd5ca7','2025-02-24 23:14:57'
'Diary of a Wimpy Kid','/works/OL8483260W','a2bec9ef-28a6-41cb-937b-adaf51dd5ca7','2025-02-24 23:14:57','a2bec9ef-28a6-41cb-937b-adaf51dd5ca7','2025-02-24 23:14:57'
'How to Win Friends and Influence People','/works/OL1063267W','a2bec9ef-28a6-41cb-937b-adaf51dd5ca7','2025-02-24 23:14:57','a2bec9ef-28a6-41cb-937b-adaf51dd5ca7','2025-02-24 23:14:57'
'P.S. I Still Love You','/works/OL17356811W','a2bec9ef-28a6-41cb-937b-adaf51dd5ca7','2025-02-24 23:14:57','a2bec9ef-28a6-41cb-937b-adaf51dd5ca7','2025-02-24 23:14:57'
'A child called "it"','/works/OL66946W','a2bec9ef-28a6-41cb-937b-adaf51dd5ca7','2025-02-24 23:14:57','a2bec9ef-28a6-41cb-937b-adaf51dd5ca7','2025-02-24 23:14:57'
'Wolves of the Calla','/works/OL81594W','a2bec9ef-28a6-41cb-937b-adaf51dd5ca7','2025-02-24 23:14:57','a2bec9ef-28a6-41cb-937b-adaf51dd5ca7','2025-02-24 23:14:57'
'The Martian Chronicles','/works/OL103134W','a2bec9ef-28a6-41cb-937b-adaf51dd5ca7','2025-02-24 23:14:57','a2bec9ef-28a6-41cb-937b-adaf51dd5ca7','2025-02-24 23:14:57'
'101 Essays That Will Change The Way You Think','/works/OL23746568W','a2bec9ef-28a6-41cb-937b-adaf51dd5ca7','2025-02-24 23:14:57','a2bec9ef-28a6-41cb-937b-adaf51dd5ca7','2025-02-24 23:14:57'
'Girl In pieces','/works/OL29331705W','a2bec9ef-28a6-41cb-937b-adaf51dd5ca7','2025-02-24 23:14:57','a2bec9ef-28a6-41cb-937b-adaf51dd5ca7','2025-02-24 23:14:57'
'The Haunting of Hill House','/works/OL3171069W','a2bec9ef-28a6-41cb-937b-adaf51dd5ca7','2025-02-24 23:14:57','a2bec9ef-28a6-41cb-937b-adaf51dd5ca7','2025-02-24 23:14:57'
'Pride and Prejudice','/works/OL66554W','a2bec9ef-28a6-41cb-937b-adaf51dd5ca7','2025-02-24 23:14:57','a2bec9ef-28a6-41cb-937b-adaf51dd5ca7','2025-02-24 23:14:57'
'The Blade Itself','/works/OL8400950W','a2bec9ef-28a6-41cb-937b-adaf51dd5ca7','2025-02-24 23:14:57','a2bec9ef-28a6-41cb-937b-adaf51dd5ca7','2025-02-24 23:14:57'
'The Glass Castle','/works/OL46760W','a2bec9ef-28a6-41cb-937b-adaf51dd5ca7','2025-02-24 23:14:57','a2bec9ef-28a6-41cb-937b-adaf51dd5ca7','2025-02-24 23:14:57'
'Le petit prince','/works/OL10263W','a2bec9ef-28a6-41cb-937b-adaf51dd5ca7','2025-02-24 23:14:57','a2bec9ef-28a6-41cb-937b-adaf51dd5ca7','2025-02-24 23:14:57'
'Foundation and Empire','/works/OL46224W','a2bec9ef-28a6-41cb-937b-adaf51dd5ca7','2025-02-24 23:14:57','a2bec9ef-28a6-41cb-937b-adaf51dd5ca7','2025-02-24 23:14:57'
'Harry Potter and the Philosopher's Stone','/works/OL82563W','a2bec9ef-28a6-41cb-937b-adaf51dd5ca7','2025-02-24 23:14:57','a2bec9ef-28a6-41cb-937b-adaf51dd5ca7','2025-02-24 23:14:57'
'Into the Wild','/works/OL265501W','a2bec9ef-28a6-41cb-937b-adaf51dd5ca7','2025-02-24 23:14:57','a2bec9ef-28a6-41cb-937b-adaf51dd5ca7','2025-02-24 23:14:57'
'The 48 Laws of Power','/works/OL1968368W','a2bec9ef-28a6-41cb-937b-adaf51dd5ca7','2025-02-24 23:14:57','a2bec9ef-28a6-41cb-937b-adaf51dd5ca7','2025-02-24 23:14:57'
'The player of games','/works/OL100779W','a2bec9ef-28a6-41cb-937b-adaf51dd5ca7','2025-02-24 23:14:57','a2bec9ef-28a6-41cb-937b-adaf51dd5ca7','2025-02-24 23:14:57'
'Voyage au Centre de la Terre','/works/OL1099513W','a2bec9ef-28a6-41cb-937b-adaf51dd5ca7','2025-02-24 23:14:57','a2bec9ef-28a6-41cb-937b-adaf51dd5ca7','2025-02-24 23:14:57'
'The Pillars of the Earth','/works/OL1914022W','a2bec9ef-28a6-41cb-937b-adaf51dd5ca7','2025-02-24 23:14:57','a2bec9ef-28a6-41cb-937b-adaf51dd5ca7','2025-02-24 23:14:57'
'Aristotle and Dante discover the secrets of the universe','/works/OL16596099W','a2bec9ef-28a6-41cb-937b-adaf51dd5ca7','2025-02-24 23:14:57','a2bec9ef-28a6-41cb-937b-adaf51dd5ca7','2025-02-24 23:14:57'
'The selfish gene','/works/OL1966488W','a2bec9ef-28a6-41cb-937b-adaf51dd5ca7','2025-02-24 23:14:57','a2bec9ef-28a6-41cb-937b-adaf51dd5ca7','2025-02-24 23:14:57'
'The Drawing of the Three','/works/OL81616W','a2bec9ef-28a6-41cb-937b-adaf51dd5ca7','2025-02-24 23:14:57','a2bec9ef-28a6-41cb-937b-adaf51dd5ca7','2025-02-24 23:14:57'
'The Waste Lands','/works/OL81625W','a2bec9ef-28a6-41cb-937b-adaf51dd5ca7','2025-02-24 23:14:57','a2bec9ef-28a6-41cb-937b-adaf51dd5ca7','2025-02-24 23:14:57'
'The Perks of Being a Wallflower','/works/OL875437W','a2bec9ef-28a6-41cb-937b-adaf51dd5ca7','2025-02-24 23:14:57','a2bec9ef-28a6-41cb-937b-adaf51dd5ca7','2025-02-24 23:14:57'
'The Lost Hero','/works/OL15401200W','a2bec9ef-28a6-41cb-937b-adaf51dd5ca7','2025-02-24 23:14:57','a2bec9ef-28a6-41cb-937b-adaf51dd5ca7','2025-02-24 23:14:57'
'And Then There Were None','/works/OL471565W','a2bec9ef-28a6-41cb-937b-adaf51dd5ca7','2025-02-24 23:14:57','a2bec9ef-28a6-41cb-937b-adaf51dd5ca7','2025-02-24 23:14:57'
'City of Bones','/works/OL8455258W','a2bec9ef-28a6-41cb-937b-adaf51dd5ca7','2025-02-24 23:14:57','a2bec9ef-28a6-41cb-937b-adaf51dd5ca7','2025-02-24 23:14:57'
'The Wise Man’s Fear','/works/OL8479869W','a2bec9ef-28a6-41cb-937b-adaf51dd5ca7','2025-02-24 23:14:57','a2bec9ef-28a6-41cb-937b-adaf51dd5ca7','2025-02-24 23:14:57'
'The Hidden Oracle','/works/OL17364743W','a2bec9ef-28a6-41cb-937b-adaf51dd5ca7','2025-02-24 23:14:57','a2bec9ef-28a6-41cb-937b-adaf51dd5ca7','2025-02-24 23:14:57'
'The Ocean at the End of the Lane','/works/OL16804661W','a2bec9ef-28a6-41cb-937b-adaf51dd5ca7','2025-02-24 23:14:57','a2bec9ef-28a6-41cb-937b-adaf51dd5ca7','2025-02-24 23:14:57'
'The Forever War','/works/OL271163W','a2bec9ef-28a6-41cb-937b-adaf51dd5ca7','2025-02-24 23:14:57','a2bec9ef-28a6-41cb-937b-adaf51dd5ca7','2025-02-24 23:14:57'
'The Shadow Rising','/works/OL7924199W','a2bec9ef-28a6-41cb-937b-adaf51dd5ca7','2025-02-24 23:14:57','a2bec9ef-28a6-41cb-937b-adaf51dd5ca7','2025-02-24 23:14:57'
'The Lies of Locke Lamora','/works/OL8369445W','a2bec9ef-28a6-41cb-937b-adaf51dd5ca7','2025-02-24 23:14:57','a2bec9ef-28a6-41cb-937b-adaf51dd5ca7','2025-02-24 23:14:57'
'A Game of Thrones','/works/OL257943W','a2bec9ef-28a6-41cb-937b-adaf51dd5ca7','2025-02-24 23:14:57','a2bec9ef-28a6-41cb-937b-adaf51dd5ca7','2025-02-24 23:14:57'
'The Great Hunt (The Wheel of Time Book 2)','/works/OL7924135W','a2bec9ef-28a6-41cb-937b-adaf51dd5ca7','2025-02-24 23:14:57','a2bec9ef-28a6-41cb-937b-adaf51dd5ca7','2025-02-24 23:14:57'
'The Princess Bride','/works/OL486967W','a2bec9ef-28a6-41cb-937b-adaf51dd5ca7','2025-02-24 23:14:57','a2bec9ef-28a6-41cb-937b-adaf51dd5ca7','2025-02-24 23:14:57'
'The Laws of Human Nature','/works/OL19761410W','a2bec9ef-28a6-41cb-937b-adaf51dd5ca7','2025-02-24 23:14:57','a2bec9ef-28a6-41cb-937b-adaf51dd5ca7','2025-02-24 23:14:57'
'The Third Wheel','/works/OL16797312W','a2bec9ef-28a6-41cb-937b-adaf51dd5ca7','2025-02-24 23:14:57','a2bec9ef-28a6-41cb-937b-adaf51dd5ca7','2025-02-24 23:14:57'
'The Secret Language of Birthdays','/works/OL40939W','a2bec9ef-28a6-41cb-937b-adaf51dd5ca7','2025-02-24 23:14:57','a2bec9ef-28a6-41cb-937b-adaf51dd5ca7','2025-02-24 23:14:57'
'Shadows of Self','/works/OL17349393W','a2bec9ef-28a6-41cb-937b-adaf51dd5ca7','2025-02-24 23:14:57','a2bec9ef-28a6-41cb-937b-adaf51dd5ca7','2025-02-24 23:14:57'
'Harry Potter and the Cursed Child','/works/OL17360811W','a2bec9ef-28a6-41cb-937b-adaf51dd5ca7','2025-02-24 23:14:57','a2bec9ef-28a6-41cb-937b-adaf51dd5ca7','2025-02-24 23:14:57'
'The Power of Your Subconscious Mind','/works/OL55806W','a2bec9ef-28a6-41cb-937b-adaf51dd5ca7','2025-02-24 23:14:57','a2bec9ef-28a6-41cb-937b-adaf51dd5ca7','2025-02-24 23:14:57'
'The Well of Ascension','/works/OL5738150W','a2bec9ef-28a6-41cb-937b-adaf51dd5ca7','2025-02-24 23:14:57','a2bec9ef-28a6-41cb-937b-adaf51dd5ca7','2025-02-24 23:14:57'
'Project Hail Mary','/works/OL21745884W','a2bec9ef-28a6-41cb-937b-adaf51dd5ca7','2025-02-24 23:14:57','a2bec9ef-28a6-41cb-937b-adaf51dd5ca7','2025-02-24 23:14:57'
'V for Vendetta','/works/OL2897797W','a2bec9ef-28a6-41cb-937b-adaf51dd5ca7','2025-02-24 23:14:57','a2bec9ef-28a6-41cb-937b-adaf51dd5ca7','2025-02-24 23:14:57'
'The Red Pyramid','/works/OL15183119W','a2bec9ef-28a6-41cb-937b-adaf51dd5ca7','2025-02-24 23:14:57','a2bec9ef-28a6-41cb-937b-adaf51dd5ca7','2025-02-24 23:14:57'
'The Selection (The Selection #1)','/works/OL16361029W','a2bec9ef-28a6-41cb-937b-adaf51dd5ca7','2025-02-24 23:14:57','a2bec9ef-28a6-41cb-937b-adaf51dd5ca7','2025-02-24 23:14:57'
'The Lion, the Witch and the Wardrobe','/works/OL71037W','a2bec9ef-28a6-41cb-937b-adaf51dd5ca7','2025-02-24 23:14:57','a2bec9ef-28a6-41cb-937b-adaf51dd5ca7','2025-02-24 23:14:57'
'A Brief History of Time','/works/OL1892617W','a2bec9ef-28a6-41cb-937b-adaf51dd5ca7','2025-02-24 23:14:57','a2bec9ef-28a6-41cb-937b-adaf51dd5ca7','2025-02-24 23:14:57'
'Where the Red Fern Grows','/works/OL465360W','a2bec9ef-28a6-41cb-937b-adaf51dd5ca7','2025-02-24 23:14:57','a2bec9ef-28a6-41cb-937b-adaf51dd5ca7','2025-02-24 23:14:57'
'The Joy Luck Club','/works/OL1843720W','a2bec9ef-28a6-41cb-937b-adaf51dd5ca7','2025-02-24 23:14:57','a2bec9ef-28a6-41cb-937b-adaf51dd5ca7','2025-02-24 23:14:57'
'Works (Hitch Hiker's Guide to the Galaxy / Restaurant at the End of the Universe / Life, the Universe and Everything / So Long, and Thanks for All the Fish / Mostly Harmless / Young Zaphod Plays it Safe)','/works/OL2163706W','a2bec9ef-28a6-41cb-937b-adaf51dd5ca7','2025-02-24 23:14:57','a2bec9ef-28a6-41cb-937b-adaf51dd5ca7','2025-02-24 23:14:57'
'Gardens of the Moon','/works/OL5734756W','a2bec9ef-28a6-41cb-937b-adaf51dd5ca7','2025-02-24 23:14:57','a2bec9ef-28a6-41cb-937b-adaf51dd5ca7','2025-02-24 23:14:57'
'Howl's Moving Castle (Howl's Moving Castle #1)','/works/OL60149W','a2bec9ef-28a6-41cb-937b-adaf51dd5ca7','2025-02-24 23:14:57','a2bec9ef-28a6-41cb-937b-adaf51dd5ca7','2025-02-24 23:14:57'
'All the Light We Cannot See','/works/OL16821606W','a2bec9ef-28a6-41cb-937b-adaf51dd5ca7','2025-02-24 23:14:57','a2bec9ef-28a6-41cb-937b-adaf51dd5ca7','2025-02-24 23:14:57'
'The Hate U Give','/works/OL17714701W','a2bec9ef-28a6-41cb-937b-adaf51dd5ca7','2025-02-24 23:14:57','a2bec9ef-28a6-41cb-937b-adaf51dd5ca7','2025-02-24 23:14:57'
'A Fire upon the Deep','/works/OL1975714W','a2bec9ef-28a6-41cb-937b-adaf51dd5ca7','2025-02-24 23:14:57','a2bec9ef-28a6-41cb-937b-adaf51dd5ca7','2025-02-24 23:14:57'
'Island of the Blue Dolphins','/works/OL4466828W','a2bec9ef-28a6-41cb-937b-adaf51dd5ca7','2025-02-24 23:14:57','a2bec9ef-28a6-41cb-937b-adaf51dd5ca7','2025-02-24 23:14:57'
'Murder on the Orient Express','/works/OL471576W','a2bec9ef-28a6-41cb-937b-adaf51dd5ca7','2025-02-24 23:14:57','a2bec9ef-28a6-41cb-937b-adaf51dd5ca7','2025-02-24 23:14:57'
'The Psychology of Money','/works/OL21640039W','a2bec9ef-28a6-41cb-937b-adaf51dd5ca7','2025-02-24 23:14:57','a2bec9ef-28a6-41cb-937b-adaf51dd5ca7','2025-02-24 23:14:57'
'Keeper of the Lost Cities (Keeper of the Lost Cities #1)','/works/OL16361049W','a2bec9ef-28a6-41cb-937b-adaf51dd5ca7','2025-02-24 23:14:57','a2bec9ef-28a6-41cb-937b-adaf51dd5ca7','2025-02-24 23:14:57'
'Le Comte de Monte Cristo','/works/OL36287W','a2bec9ef-28a6-41cb-937b-adaf51dd5ca7','2025-02-24 23:14:57','a2bec9ef-28a6-41cb-937b-adaf51dd5ca7','2025-02-24 23:14:57'
'The Book Thief','/works/OL5819456W','a2bec9ef-28a6-41cb-937b-adaf51dd5ca7','2025-02-24 23:14:57','a2bec9ef-28a6-41cb-937b-adaf51dd5ca7','2025-02-24 23:14:57'
'Persepolis Rising (The Expanse Book 7)','/works/OL19661329W','a2bec9ef-28a6-41cb-937b-adaf51dd5ca7','2025-02-24 23:14:57','a2bec9ef-28a6-41cb-937b-adaf51dd5ca7','2025-02-24 23:14:57'
'Alice's Adventures in Wonderland / Through the Looking Glass','/works/OL151411W','a2bec9ef-28a6-41cb-937b-adaf51dd5ca7','2025-02-24 23:14:57','a2bec9ef-28a6-41cb-937b-adaf51dd5ca7','2025-02-24 23:14:57'
'The Mote in God's Eye','/works/OL15331302W','a2bec9ef-28a6-41cb-937b-adaf51dd5ca7','2025-02-24 23:14:57','a2bec9ef-28a6-41cb-937b-adaf51dd5ca7','2025-02-24 23:14:57'
'The Silver Eyes (Five Nights At Freddy's #1)','/works/OL17793648W','a2bec9ef-28a6-41cb-937b-adaf51dd5ca7','2025-02-24 23:14:57','a2bec9ef-28a6-41cb-937b-adaf51dd5ca7','2025-02-24 23:14:57'
'The Blood of Olympus','/works/OL17059943W','a2bec9ef-28a6-41cb-937b-adaf51dd5ca7','2025-02-24 23:14:57','a2bec9ef-28a6-41cb-937b-adaf51dd5ca7','2025-02-24 23:14:57'
'The Green Mile','/works/OL81629W','a2bec9ef-28a6-41cb-937b-adaf51dd5ca7','2025-02-24 23:14:57','a2bec9ef-28a6-41cb-937b-adaf51dd5ca7','2025-02-24 23:14:57'
'The One and Only Ivan','/works/OL16465449W','a2bec9ef-28a6-41cb-937b-adaf51dd5ca7','2025-02-24 23:14:57','a2bec9ef-28a6-41cb-937b-adaf51dd5ca7','2025-02-24 23:14:57'
'Astrophysics for People in a Hurry','/works/OL17710047W','a2bec9ef-28a6-41cb-937b-adaf51dd5ca7','2025-02-24 23:14:57','a2bec9ef-28a6-41cb-937b-adaf51dd5ca7','2025-02-24 23:14:57'
'The Voyage of the Dawn Treader','/works/OL71132W','a2bec9ef-28a6-41cb-937b-adaf51dd5ca7','2025-02-24 23:14:57','a2bec9ef-28a6-41cb-937b-adaf51dd5ca7','2025-02-24 23:14:57'
'The Sword of Summer','/works/OL17181541W','a2bec9ef-28a6-41cb-937b-adaf51dd5ca7','2025-02-24 23:14:57','a2bec9ef-28a6-41cb-937b-adaf51dd5ca7','2025-02-24 23:14:57'
'A Clash of Kings','/works/OL257939W','a2bec9ef-28a6-41cb-937b-adaf51dd5ca7','2025-02-24 23:14:57','a2bec9ef-28a6-41cb-937b-adaf51dd5ca7','2025-02-24 23:14:57'
'How the Grinch Stole Christmas!','/works/OL261169W','a2bec9ef-28a6-41cb-937b-adaf51dd5ca7','2025-02-24 23:14:57','a2bec9ef-28a6-41cb-937b-adaf51dd5ca7','2025-02-24 23:14:57'
'Full Dark, No Stars','/works/OL15374110W','a2bec9ef-28a6-41cb-937b-adaf51dd5ca7','2025-02-24 23:14:57','a2bec9ef-28a6-41cb-937b-adaf51dd5ca7','2025-02-24 23:14:57'
'Born a Crime','/works/OL17824318W','a2bec9ef-28a6-41cb-937b-adaf51dd5ca7','2025-02-24 23:14:57','a2bec9ef-28a6-41cb-937b-adaf51dd5ca7','2025-02-24 23:14:57'
'Alice in Wonderland in Five Acts','/works/OL13101191W','a2bec9ef-28a6-41cb-937b-adaf51dd5ca7','2025-02-24 23:14:57','a2bec9ef-28a6-41cb-937b-adaf51dd5ca7','2025-02-24 23:14:57'
'Hyperbole and a Half','/works/OL16808806W','a2bec9ef-28a6-41cb-937b-adaf51dd5ca7','2025-02-24 23:14:57','a2bec9ef-28a6-41cb-937b-adaf51dd5ca7','2025-02-24 23:14:57'
'The Final Empire','/works/OL5738148W','a2bec9ef-28a6-41cb-937b-adaf51dd5ca7','2025-02-24 23:14:57','a2bec9ef-28a6-41cb-937b-adaf51dd5ca7','2025-02-24 23:14:57'
'We Were Liars','/works/OL17071448W','a2bec9ef-28a6-41cb-937b-adaf51dd5ca7','2025-02-24 23:14:57','a2bec9ef-28a6-41cb-937b-adaf51dd5ca7','2025-02-24 23:14:57'
'Ready Player One','/works/OL15936512W','a2bec9ef-28a6-41cb-937b-adaf51dd5ca7','2025-02-24 23:14:57','a2bec9ef-28a6-41cb-937b-adaf51dd5ca7','2025-02-24 23:14:57'
'Guess How Much I Love You','/works/OL58402W','a2bec9ef-28a6-41cb-937b-adaf51dd5ca7','2025-02-24 23:14:57','a2bec9ef-28a6-41cb-937b-adaf51dd5ca7','2025-02-24 23:14:57'
'It Ends With Us','/works/OL18020194W','a2bec9ef-28a6-41cb-937b-adaf51dd5ca7','2025-02-24 23:14:57','a2bec9ef-28a6-41cb-937b-adaf51dd5ca7','2025-02-24 23:14:57'
'The Sea of Monsters','/works/OL492646W','a2bec9ef-28a6-41cb-937b-adaf51dd5ca7','2025-02-24 23:14:57','a2bec9ef-28a6-41cb-937b-adaf51dd5ca7','2025-02-24 23:14:57'
'To All the Boys I've Loved Before','/works/OL17203233W','a2bec9ef-28a6-41cb-937b-adaf51dd5ca7','2025-02-24 23:14:57','a2bec9ef-28a6-41cb-937b-adaf51dd5ca7','2025-02-24 23:14:57'
'Red, White & Royal Blue','/works/OL20090688W','a2bec9ef-28a6-41cb-937b-adaf51dd5ca7','2025-02-24 23:14:57','a2bec9ef-28a6-41cb-937b-adaf51dd5ca7','2025-02-24 23:14:57'
'Harry Potter and the Deathly Hallows','/works/OL82586W','a2bec9ef-28a6-41cb-937b-adaf51dd5ca7','2025-02-24 23:14:57','a2bec9ef-28a6-41cb-937b-adaf51dd5ca7','2025-02-24 23:14:57'
'The Chronicles of Narnia','/works/OL70988W','a2bec9ef-28a6-41cb-937b-adaf51dd5ca7','2025-02-24 23:14:57','a2bec9ef-28a6-41cb-937b-adaf51dd5ca7','2025-02-24 23:14:57'
'A Thousand Splendid Suns','/works/OL5782000W','a2bec9ef-28a6-41cb-937b-adaf51dd5ca7','2025-02-24 23:14:57','a2bec9ef-28a6-41cb-937b-adaf51dd5ca7','2025-02-24 23:14:57'
'The House of Hades','/works/OL16808392W','a2bec9ef-28a6-41cb-937b-adaf51dd5ca7','2025-02-24 23:14:57','a2bec9ef-28a6-41cb-937b-adaf51dd5ca7','2025-02-24 23:14:57'
'Children of Time','/works/OL17373843W','a2bec9ef-28a6-41cb-937b-adaf51dd5ca7','2025-02-24 23:14:57','a2bec9ef-28a6-41cb-937b-adaf51dd5ca7','2025-02-24 23:14:57'
'A Good Girl's Guide to Murder','/works/OL20646061W','a2bec9ef-28a6-41cb-937b-adaf51dd5ca7','2025-02-24 23:14:57','a2bec9ef-28a6-41cb-937b-adaf51dd5ca7','2025-02-24 23:14:57'
'The Night Circus','/works/OL16086747W','a2bec9ef-28a6-41cb-937b-adaf51dd5ca7','2025-02-24 23:14:57','a2bec9ef-28a6-41cb-937b-adaf51dd5ca7','2025-02-24 23:14:57'
'The Kingdom of Fantasy','/works/OL15493152W','a2bec9ef-28a6-41cb-937b-adaf51dd5ca7','2025-02-24 23:14:57','a2bec9ef-28a6-41cb-937b-adaf51dd5ca7','2025-02-24 23:14:57'
'The Mark of Athena','/works/OL16664287W','a2bec9ef-28a6-41cb-937b-adaf51dd5ca7','2025-02-24 23:14:57','a2bec9ef-28a6-41cb-937b-adaf51dd5ca7','2025-02-24 23:14:57'
'Rich Dad, Poor Dad','/works/OL2010879W','a2bec9ef-28a6-41cb-937b-adaf51dd5ca7','2025-02-24 23:14:57','a2bec9ef-28a6-41cb-937b-adaf51dd5ca7','2025-02-24 23:14:57'
'Stories of Your Life and Others','/works/OL6216050W','a2bec9ef-28a6-41cb-937b-adaf51dd5ca7','2025-02-24 23:14:57','a2bec9ef-28a6-41cb-937b-adaf51dd5ca7','2025-02-24 23:14:57'
'The Name of the Wind','/works/OL8479867W','a2bec9ef-28a6-41cb-937b-adaf51dd5ca7','2025-02-24 23:14:57','a2bec9ef-28a6-41cb-937b-adaf51dd5ca7','2025-02-24 23:14:57'
'To Kill a Mockingbird','/works/OL3140822W','a2bec9ef-28a6-41cb-937b-adaf51dd5ca7','2025-02-24 23:14:57','a2bec9ef-28a6-41cb-937b-adaf51dd5ca7','2025-02-24 23:14:57'
'Charlie and the Chocolate Factory','/works/OL45790W','a2bec9ef-28a6-41cb-937b-adaf51dd5ca7','2025-02-24 23:14:57','a2bec9ef-28a6-41cb-937b-adaf51dd5ca7','2025-02-24 23:14:57'
'Knife of Dreams','/works/OL7924194W','a2bec9ef-28a6-41cb-937b-adaf51dd5ca7','2025-02-24 23:14:57','a2bec9ef-28a6-41cb-937b-adaf51dd5ca7','2025-02-24 23:14:57'
'All the bright places','/works/OL17323489W','a2bec9ef-28a6-41cb-937b-adaf51dd5ca7','2025-02-24 23:14:57','a2bec9ef-28a6-41cb-937b-adaf51dd5ca7','2025-02-24 23:14:57'
'Are You My Mother?','/works/OL517221W','a2bec9ef-28a6-41cb-937b-adaf51dd5ca7','2025-02-24 23:14:57','a2bec9ef-28a6-41cb-937b-adaf51dd5ca7','2025-02-24 23:14:57'
'The Alloy of Law','/works/OL16597059W','a2bec9ef-28a6-41cb-937b-adaf51dd5ca7','2025-02-24 23:14:57','a2bec9ef-28a6-41cb-937b-adaf51dd5ca7','2025-02-24 23:14:57'
'Oryx and Crake','/works/OL675722W','a2bec9ef-28a6-41cb-937b-adaf51dd5ca7','2025-02-24 23:14:57','a2bec9ef-28a6-41cb-937b-adaf51dd5ca7','2025-02-24 23:14:57'
'The Subtle Art of Not Giving a F*ck','/works/OL17590212W','a2bec9ef-28a6-41cb-937b-adaf51dd5ca7','2025-02-24 23:14:57','a2bec9ef-28a6-41cb-937b-adaf51dd5ca7','2025-02-24 23:14:57'
'Flowers in the Attic','/works/OL134834W','a2bec9ef-28a6-41cb-937b-adaf51dd5ca7','2025-02-24 23:14:57','a2bec9ef-28a6-41cb-937b-adaf51dd5ca7','2025-02-24 23:14:57'
'The Last Straw','/works/OL15505465W','a2bec9ef-28a6-41cb-937b-adaf51dd5ca7','2025-02-24 23:14:57','a2bec9ef-28a6-41cb-937b-adaf51dd5ca7','2025-02-24 23:14:57'
'Wizard and Glass','/works/OL81615W','a2bec9ef-28a6-41cb-937b-adaf51dd5ca7','2025-02-24 23:14:57','a2bec9ef-28a6-41cb-937b-adaf51dd5ca7','2025-02-24 23:14:57'
'The Cat in the Hat','/works/OL1898309W','a2bec9ef-28a6-41cb-937b-adaf51dd5ca7','2025-02-24 23:14:57','a2bec9ef-28a6-41cb-937b-adaf51dd5ca7','2025-02-24 23:14:57'
'Where the Wild Things Are','/works/OL2568879W','a2bec9ef-28a6-41cb-937b-adaf51dd5ca7','2025-02-24 23:14:57','a2bec9ef-28a6-41cb-937b-adaf51dd5ca7','2025-02-24 23:14:57'
'The Psychology of Everyday Things','/works/OL1879162W','a2bec9ef-28a6-41cb-937b-adaf51dd5ca7','2025-02-24 23:14:57','a2bec9ef-28a6-41cb-937b-adaf51dd5ca7','2025-02-24 23:14:57'
'A Closed and Common Orbit','/works/OL17897265W','a2bec9ef-28a6-41cb-937b-adaf51dd5ca7','2025-02-24 23:14:57','a2bec9ef-28a6-41cb-937b-adaf51dd5ca7','2025-02-24 23:14:57'
'The Hunger Games','/works/OL5735363W','a2bec9ef-28a6-41cb-937b-adaf51dd5ca7','2025-02-24 23:14:57','a2bec9ef-28a6-41cb-937b-adaf51dd5ca7','2025-02-24 23:14:57'
'Percy Jackson's Greek Gods','/works/OL17054790W','a2bec9ef-28a6-41cb-937b-adaf51dd5ca7','2025-02-24 23:14:57','a2bec9ef-28a6-41cb-937b-adaf51dd5ca7','2025-02-24 23:14:57'
'The Picture of Dorian Gray','/works/OL8193416W','a2bec9ef-28a6-41cb-937b-adaf51dd5ca7','2025-02-24 23:14:57','a2bec9ef-28a6-41cb-937b-adaf51dd5ca7','2025-02-24 23:14:57'
'The Kite Runner','/works/OL5781992W','a2bec9ef-28a6-41cb-937b-adaf51dd5ca7','2025-02-24 23:14:57','a2bec9ef-28a6-41cb-937b-adaf51dd5ca7','2025-02-24 23:14:57'
'The Boy in the Striped Pyjamas','/works/OL5840870W','a2bec9ef-28a6-41cb-937b-adaf51dd5ca7','2025-02-24 23:14:57','a2bec9ef-28a6-41cb-937b-adaf51dd5ca7','2025-02-24 23:14:57'
'A short history of nearly everything','/works/OL74128W','a2bec9ef-28a6-41cb-937b-adaf51dd5ca7','2025-02-24 23:14:57','a2bec9ef-28a6-41cb-937b-adaf51dd5ca7','2025-02-24 23:14:57'
'Zero to One','/works/OL17078706W','a2bec9ef-28a6-41cb-937b-adaf51dd5ca7','2025-02-24 23:14:57','a2bec9ef-28a6-41cb-937b-adaf51dd5ca7','2025-02-24 23:14:57'
'Married at first sight','/works/OL35223328W','a2bec9ef-28a6-41cb-937b-adaf51dd5ca7','2025-02-24 23:14:57','a2bec9ef-28a6-41cb-937b-adaf51dd5ca7','2025-02-24 23:14:57'
'Reminders of Him','/works/OL26758111W','a2bec9ef-28a6-41cb-937b-adaf51dd5ca7','2025-02-24 23:14:57','a2bec9ef-28a6-41cb-937b-adaf51dd5ca7','2025-02-24 23:14:57'
'The Clan of the Cave Bear','/works/OL2746369W','a2bec9ef-28a6-41cb-937b-adaf51dd5ca7','2025-02-24 23:14:57','a2bec9ef-28a6-41cb-937b-adaf51dd5ca7','2025-02-24 23:14:57'
'East of Eden','/works/OL23166W','a2bec9ef-28a6-41cb-937b-adaf51dd5ca7','2025-02-24 23:14:57','a2bec9ef-28a6-41cb-937b-adaf51dd5ca7','2025-02-24 23:14:57'
'The Adventures of Sherlock Holmes [12 stories]','/works/OL262421W','a2bec9ef-28a6-41cb-937b-adaf51dd5ca7','2025-02-24 23:14:57','a2bec9ef-28a6-41cb-937b-adaf51dd5ca7','2025-02-24 23:14:57'
'The Last Olympian','/works/OL492642W','a2bec9ef-28a6-41cb-937b-adaf51dd5ca7','2025-02-24 23:14:57','a2bec9ef-28a6-41cb-937b-adaf51dd5ca7','2025-02-24 23:14:57'
'Harry Potter and the Chamber of Secrets','/works/OL82537W','a2bec9ef-28a6-41cb-937b-adaf51dd5ca7','2025-02-24 23:14:57','a2bec9ef-28a6-41cb-937b-adaf51dd5ca7','2025-02-24 23:14:57'
'The Diamond Age','/works/OL38499W','a2bec9ef-28a6-41cb-937b-adaf51dd5ca7','2025-02-24 23:14:57','a2bec9ef-28a6-41cb-937b-adaf51dd5ca7','2025-02-24 23:14:57'
'Words of Radiance','/works/OL16813053W','a2bec9ef-28a6-41cb-937b-adaf51dd5ca7','2025-02-24 23:14:57','a2bec9ef-28a6-41cb-937b-adaf51dd5ca7','2025-02-24 23:14:57'
'If he had been with me','/works/OL19667762W','a2bec9ef-28a6-41cb-937b-adaf51dd5ca7','2025-02-24 23:14:57','a2bec9ef-28a6-41cb-937b-adaf51dd5ca7','2025-02-24 23:14:57'
'Harry Potter and the Prisoner of Azkaban','/works/OL82536W','a2bec9ef-28a6-41cb-937b-adaf51dd5ca7','2025-02-24 23:14:57','a2bec9ef-28a6-41cb-937b-adaf51dd5ca7','2025-02-24 23:14:57'
'The Giving Tree','/works/OL3368288W','a2bec9ef-28a6-41cb-937b-adaf51dd5ca7','2025-02-24 23:14:57','a2bec9ef-28a6-41cb-937b-adaf51dd5ca7','2025-02-24 23:14:57'
'The Wind in the Willows','/works/OL16312108W','a2bec9ef-28a6-41cb-937b-adaf51dd5ca7','2025-02-24 23:14:57','a2bec9ef-28a6-41cb-937b-adaf51dd5ca7','2025-02-24 23:14:57'
'We Have Always Lived in the Castle','/works/OL3171087W','a2bec9ef-28a6-41cb-937b-adaf51dd5ca7','2025-02-24 23:14:57','a2bec9ef-28a6-41cb-937b-adaf51dd5ca7','2025-02-24 23:14:57'
'Girl in Pieces','/works/OL20234863W','a2bec9ef-28a6-41cb-937b-adaf51dd5ca7','2025-02-24 23:14:57','a2bec9ef-28a6-41cb-937b-adaf51dd5ca7','2025-02-24 23:14:57'
'The Complete Sherlock Holmes [4 novels, 56 stories]','/works/OL262554W','a2bec9ef-28a6-41cb-937b-adaf51dd5ca7','2025-02-24 23:14:57','a2bec9ef-28a6-41cb-937b-adaf51dd5ca7','2025-02-24 23:14:57'
'Six of Crows','/works/OL17332479W','a2bec9ef-28a6-41cb-937b-adaf51dd5ca7','2025-02-24 23:14:57','a2bec9ef-28a6-41cb-937b-adaf51dd5ca7','2025-02-24 23:14:57'
'Milk and Honey','/works/OL17606111W','a2bec9ef-28a6-41cb-937b-adaf51dd5ca7','2025-02-24 23:14:57','a2bec9ef-28a6-41cb-937b-adaf51dd5ca7','2025-02-24 23:14:57'
'Omnivore's Dilemma. A Natural History of Four Meals','/works/OL3296483W','a2bec9ef-28a6-41cb-937b-adaf51dd5ca7','2025-02-24 23:14:57','a2bec9ef-28a6-41cb-937b-adaf51dd5ca7','2025-02-24 23:14:57'
'Throne of Glass','/works/OL16607146W','a2bec9ef-28a6-41cb-937b-adaf51dd5ca7','2025-02-24 23:14:57','a2bec9ef-28a6-41cb-937b-adaf51dd5ca7','2025-02-24 23:14:57'
